,year,sid,robbery_gun_r,jhcitizen_c,jhpolice_c,homicide,robbery,assault,burglary,larceny,motor,murder,unemployrt,poverty,l_income,l_prisoner,l_exp_subsidy,l_exp_pubwelfare,post,popwt
0,2000,1,0.21080323,1,0,7.5939784,131.61357,325.6178,930.92017,2940.6238,295.65735,6.5322065,4.1,14.705981469769503,10.711102,6.4057665,5.3578176,6.926083,0,4499293.0
1,2001,1,0.21436246,2,0,8.713443,128.3796,281.63504,934.3846,2758.69,290.11856,7.4949403,4.7,15.750203294509083,10.675931,6.421284,5.402183,6.974412,0,4499293.0
2,2002,1,0.4240188,3,2,6.9332876,136.42331,274.6314,974.2757,2835.829,317.8329,6.4069986,5.4,15.556558810183741,10.727071,6.4616323,5.5518985,7.0387506,0,4499293.0
3,2003,1,0.2454455,2,1,6.8180065,137.6827,258.537,986.10266,2828.4238,341.05994,6.567177,5.5,15.447801660310034,10.695688,6.4559712,5.6018972,7.1104236,0,4499293.0
4,2004,1,0.2610063,3,0,5.7536893,136.86531,255.65407,1011.7885,2800.9592,317.67612,5.595123,5.1,16.252654002359012,10.652069,6.374003,5.5795846,7.0855193,0,4499293.0
5,2005,1,0.18737397,0,1,8.418573,145.1191,254.2004,978.55786,2718.7039,295.77554,6.932943,3.9,16.87298173709831,10.633232,6.4421363,4.368332,7.0059175,0,4499293.0
6,2006,1,0.21527778,3,3,8.001687,153.42366,227.87415,968.9217,2645.123,322.93765,6.784039,3.6,16.167670139138036,10.622327,6.4200997,4.420956,6.9676113,0,4499293.0
7,2007,1,0.21332072,3,4,8.54794,161.40779,248.34819,989.11884,2711.616,310.4952,7.653896,3.5,16.3587736322205,10.700725,6.4635863,4.54151,6.9971676,1,4499293.0
8,2008,1,0.31781045,3,1,7.718328,158.77704,254.89941,1089.1923,2734.0825,290.8318,7.264309,4.9,15.606913546509087,10.715284,6.491606,4.515596,6.9110613,1,4499293.0
9,2009,1,0.29672787,0,0,6.9496,135.21504,282.79694,1054.181,2548.302,239.37273,6.86327,9.9,17.378813647115702,10.612508,6.530851,4.642847,7.0866895,1,4499293.0
10,2010,1,0.21403067,0,0,5.7427597,100.15121,245.55031,884.21674,2428.7456,222.97894,4.606829,10.0,16.97416726,10.620742,6.504557,4.736799,7.1459756,1,4499293.0
11,2000,2,0.3653061,0,2,4.443837,80.647415,418.04987,641.723,2771.3086,386.77844,3.9500775,6.2,8.631248734740767,11.111104,6.532072,5.8740125,7.5531344,0,651473.25
12,2001,2,0.36770427,1,1,6.335993,83.505135,435.5589,624.98883,2712.2922,425.32382,5.523686,6.2,8.830911846844431,11.165422,6.6101723,5.7135344,7.6233864,0,651473.25
13,2002,2,0.38445807,0,3,5.286327,78.33375,415.53732,626.02924,2841.6409,395.83374,5.4465184,7.1,9.440418292612598,11.066013,6.5575213,5.7251234,7.7115536,0,651473.25
14,2003,2,0.3026906,0,2,6.192127,70.81253,442.49896,615.08466,2866.0024,390.7391,6.192127,7.7,10.022672712723393,11.026011,6.577532,5.6369133,7.8120546,0,651473.25
15,2004,2,0.33333334,3,2,5.8179483,70.28711,490.12286,593.2735,2540.871,352.22174,5.6607065,7.4,10.167258158100392,11.059724,6.573791,5.9268365,7.8902493,0,651473.25
16,2005,2,0.30912477,0,1,4.9865675,83.68083,481.0479,643.7347,2687.9158,404.37946,4.9865675,6.9,10.766778241113002,11.041673,6.61988,5.829506,7.8173127,0,651473.25
17,2006,2,0.30717862,2,1,5.3727093,89.39591,516.07855,615.17523,2588.452,378.32828,5.2234674,6.7,10.614085751425634,11.018793,6.628712,5.7342114,7.7931113,0,651473.25
18,2007,2,0.29776248,1,2,6.5013933,85.847946,496.6178,544.19617,2504.514,358.61096,6.3536344,6.2,9.643634988134957,11.101055,6.6378746,5.6488996,7.7396045,1,651473.25
19,2008,2,0.25931677,0,2,3.96339,94.534195,493.66223,474.43246,2236.3796,239.27132,3.96339,6.9,9.082181626017453,11.07903,6.601252,5.586586,7.694469,1,651473.25
20,2009,2,0.2584098,4,2,3.220414,95.73412,473.54724,526.9768,2232.4788,246.94719,3.220414,8.3,9.068246426072472,11.044856,6.6510954,5.625318,7.764343,1,651473.25
21,2010,2,0.26430976,2,5,4.4278564,84.843445,482.63638,443.49985,2218.9275,231.24838,4.4278564,8.1,8.899277688,10.971606,6.6839147,5.687119,7.851979,1,651473.25
22,2000,3,0.4152452,7,18,7.1502805,149.45879,355.34305,1033.7434,3519.4717,860.5034,7.2299495,4.0,12.881698508320019,10.827151,6.2691064,4.959045,6.641533,0,5802964.5
23,2001,3,0.46053225,19,25,7.6960464,170.62134,344.18643,1054.7623,3595.0156,1004.3917,7.657566,4.7,13.528552523783668,10.870319,6.278791,4.998365,6.637799,0,5802964.5
24,2002,3,0.46525,17,22,7.238223,149.62735,377.3602,1105.1289,3769.5059,1078.5887,7.182113,6.1,13.955462670219818,10.782201,6.3083057,4.308614,6.8094916,0,5802964.5
25,2003,3,0.477228,4,17,8.060915,139.26556,342.21417,1071.3705,3632.4385,1041.8322,8.042636,5.7,14.312328100075252,10.7955265,6.3451934,4.274641,6.8782816,0,5802964.5
26,2004,3,0.498122,11,26,7.3482466,137.04303,335.83618,1009.67395,3177.3535,981.64764,7.2949986,4.9,15.150647045072974,10.831924,6.3580527,4.488383,6.9608974,0,5802964.5
27,2005,3,0.51241404,8,18,7.633144,147.15672,333.59412,966.20166,3020.8726,941.7927,7.290081,4.6,14.352746276526677,10.830362,6.3556647,4.4629984,7.0762053,0,5802964.5
28,2006,3,0.49466568,13,24,8.530212,153.5276,344.3546,953.04846,2874.1462,914.4031,8.513995,4.1,13.952491584118757,10.828817,6.366583,4.393243,7.073736,0,5802964.5
29,2007,3,0.48575234,17,16,8.923674,158.57806,325.4784,963.7242,2864.8242,810.55884,8.61484,3.8,14.240817271940411,10.812734,6.419244,4.408878,7.122257,1,5802964.5
30,2008,3,0.5132725,19,22,7.156422,153.80003,297.44867,916.227,2669.4087,602.3217,7.09337,5.1,14.742340421239,10.768632,6.4362197,4.3920665,7.1432114,1,5802964.5
31,2009,3,0.453226,17,14,6.0080333,129.63123,273.04932,858.6428,2466.0764,417.9852,5.9764123,8.6,16.849814185757324,10.747079,6.4651146,4.522347,7.2508726,1,5802964.5
32,2010,3,0.43837392,17,20,6.4452577,109.317245,261.18265,800.0787,2420.7378,338.93546,6.382223,9.5,15.93302353,10.763822,6.449509,4.5311193,7.2804503,1,5802964.5
33,2000,4,0.47876063,0,2,6.462801,76.97658,341.87448,824.89197,2682.8318,266.66748,6.462801,4.2,15.193737853395973,10.5347595,6.127652,4.403213,6.8751,0,2732902.5
34,2001,4,0.50939935,0,0,5.6528745,83.30351,342.57184,847.7784,2657.9968,279.5881,5.385509,4.7,16.00557953995532,10.622741,6.1759276,4.6157184,6.9486294,0,2732902.5
35,2002,4,0.48613313,1,5,5.389305,95.793,306.69702,881.6068,2699.5486,258.57278,5.199541,5.3,16.546912763089182,10.577758,6.2082696,4.6186004,7.0782166,0,2732902.5
36,2003,4,0.49663225,4,2,6.792294,84.03577,344.55798,943.9779,2568.2795,226.67393,5.99986,5.8,16.310561790629805,10.543709,6.219478,4.6647587,7.09824,0,2732902.5
37,2004,4,0.43507588,0,0,6.5772953,88.644,376.81174,1126.7728,2774.4973,243.58415,6.203585,5.7,15.866827710742518,10.606139,6.2460704,4.662802,7.164019,0,2732902.5
38,2005,4,0.4628752,0,0,6.996292,93.7281,397.8262,1114.8906,2795.1853,269.7089,6.7001524,5.1,17.093088811078278,10.619887,6.2171106,4.4168,7.178753,0,2732902.5
39,2006,4,0.46872753,2,1,7.5065675,98.97285,404.03833,1154.446,2596.7031,270.4499,7.2575345,5.3,16.762093755959004,10.598458,6.191186,4.495466,7.156012,0,2732902.5
40,2007,4,0.4633989,1,1,7.1648736,110.53867,374.6409,1136.185,2601.6333,249.13086,6.986643,5.4,17.235264153922873,10.66658,6.234879,4.4964433,7.2144036,0,2732902.5
41,2008,4,0.46879536,2,3,5.7949567,97.383545,357.8386,1193.337,2455.1536,229.6075,5.7242866,5.2,16.930460872204595,10.598807,6.2538123,4.5524635,7.2076764,0,2732902.5
42,2009,4,0.4724379,0,2,6.306941,90.76357,379.54395,1224.4978,2403.9663,214.82356,6.0250664,7.1,18.28752110094523,10.522477,6.2838416,4.582703,7.2240677,0,2732902.5
43,2010,4,0.4548904,3,4,4.7624454,81.85884,376.6128,1121.97,2268.0283,191.32607,4.5553827,7.7,17.8843975,10.560256,6.326521,4.6951585,7.281892,0,2732902.5
44,2000,5,0.34686053,23,103,6.2901087,182.28607,418.78992,672.5575,1972.2168,550.7551,6.2901087,4.9,13.024696860034707,10.989926,6.2008476,3.7590296,7.2422085,0,35311970.0
45,2001,5,0.3517504,28,111,6.5495877,191.8382,404.04068,689.6158,2071.5789,606.1991,6.5495877,5.4,13.117108262578139,10.971726,6.159914,3.8103378,7.2165027,0,35311970.0
46,2002,5,0.3597925,34,101,6.9839587,189.45045,381.4991,695.2699,2086.9993,648.42633,6.9839587,6.7,13.549932870887362,10.959401,6.153877,4.147575,7.325587,0,35311970.0
47,2003,5,0.34682453,38,117,6.9464707,184.03674,373.3836,699.1895,2111.0286,696.4537,6.9406986,6.9,13.956737946632519,10.9758415,6.162684,4.143163,7.4132695,0,35311970.0
48,2004,5,0.3330365,33,122,6.8235188,176.20197,329.19485,701.47314,2078.6829,720.5887,6.826371,6.2,13.355055438665394,10.947574,6.163577,4.2497334,7.3423448,0,35311970.0
49,2005,5,0.34470782,26,111,7.0949187,180.34076,325.0142,710.11835,1962.8435,730.02264,7.0949187,5.4,13.234747880084702,10.964779,6.181656,4.34572,7.4175344,0,35311970.0
50,2006,5,0.34340265,33,124,6.829861,194.95003,306.178,676.9051,1831.5,666.77,6.8134036,4.9,12.855241585220115,10.999112,6.176729,4.370645,7.3619747,0,35311970.0
51,2007,5,0.332823,39,115,6.2319956,194.521,301.14603,653.57916,1798.2561,604.95856,6.2319956,5.4,12.258258200789218,10.978626,6.1750064,3.9414518,7.3980727,0,35311970.0
52,2008,5,0.3181379,28,101,5.881626,190.5213,287.6093,652.75616,1786.2158,528.65717,5.881626,7.2,13.12849549345787,10.963619,6.16725,3.9757442,7.4228926,0,35311970.0
53,2009,5,0.30926934,33,113,5.431231,176.52327,275.84705,634.0053,1694.9242,451.22458,5.431231,11.6,14.13618349210366,10.951876,6.1563883,4.052448,7.4842234,0,35311970.0
54,2010,5,0.31015554,32,83,4.8929396,157.19075,259.32578,619.0069,1624.3748,412.5432,4.8929396,12.4,14.18773378,10.905204,6.1013403,4.4024844,7.4541197,0,35311970.0
55,2000,6,0.3256427,1,5,3.1917636,72.26724,224.49532,646.2845,2687.8223,403.99628,3.0250297,2.7,9.166316128457526,11.019891,5.99383,3.4659634,6.782578,0,4600371.5
56,2001,6,0.34092826,1,7,3.6618795,82.392296,228.2649,661.29376,2812.6943,486.56647,3.3374093,3.8,8.846869463724678,11.015904,6.002362,3.5065668,6.851554,0,4600371.5
57,2002,6,0.35261247,0,6,4.0648017,81.27332,228.40097,719.3563,2842.9314,526.44855,3.8831344,5.7,9.692439855129564,10.977295,6.058345,3.7093756,6.75921,0,4600371.5
58,2003,6,0.21134296,1,14,4.1592736,84.03981,223.04948,728.30005,2798.9888,512.9621,3.8445177,6.2,10.154428210037473,10.988728,6.0918856,3.8182073,6.821399,0,4600371.5
59,2004,6,0.36961755,4,12,4.4680457,83.11454,249.76598,733.78204,2741.024,533.5869,4.4013586,5.6,10.376625140515594,10.980825,6.1116776,3.7226431,6.811012,0,4600371.5
60,2005,6,0.41464034,3,8,3.7919936,86.53636,270.72205,761.5989,2796.913,572.1088,3.6385603,5.1,10.910486155497164,10.939231,6.15336,3.7411847,6.805729,0,4600371.5
61,2006,6,0.39659685,4,12,3.5974424,80.363914,265.43234,681.9993,2325.0837,434.7646,3.5974424,4.3,11.346291278810833,11.005926,6.1589856,3.8428178,6.827836,0,4600371.5
62,2007,6,0.388616,4,6,3.251411,72.60086,238.21306,600.1895,2101.901,348.44638,3.251411,3.8,11.506219320052333,11.071206,6.1719766,3.836674,6.8482747,0,4600371.5
63,2008,6,0.3576729,4,3,3.2201014,69.5418,237.58568,582.5494,2053.1863,276.94937,3.1375346,5.1,11.163946919518933,11.030266,6.174649,3.899179,6.8592544,0,4600371.5
64,2009,6,0.3544942,4,7,3.2829459,69.602585,231.72643,549.9864,1963.1398,257.6803,3.241651,7.5,12.774087273918067,10.948224,6.1541333,4.0342264,6.9104204,0,4600371.5
65,2010,6,0.36717752,6,11,2.4143252,63.013885,214.9353,526.18207,1963.4901,226.28262,2.5551608,8.1,12.25443044,11.009439,6.1291018,4.0793853,6.9293613,0,4600371.5
66,2000,7,0.35307932,1,0,2.971835,116.20481,195.59526,528.744,2077.1914,397.22516,2.971835,2.3,7.3819165666452164,11.059157,6.3218694,5.236527,7.1247644,0,3424474.2
67,2001,7,0.38393497,3,3,3.165386,126.10295,197.91199,517.28436,1982.4963,373.15378,3.1955326,3.1,7.226757098227354,11.092839,6.3607717,5.3042245,7.1690555,0,3424474.2
68,2002,7,0.34725976,1,2,2.5072045,121.45018,176.51913,510.7235,1932.1891,345.63605,2.477357,4.4,7.9799841508859535,11.077563,6.4272065,5.0730424,7.1718163,0,3424474.2
69,2003,7,0.35992402,0,0,3.3222187,124.939156,178.65825,475.87817,1944.9218,337.26453,3.2332308,5.5,8.099420955072627,11.084601,6.3778915,4.9791317,7.1934614,0,3424474.2
70,2004,7,0.3178128,1,2,2.9503024,123.55867,149.58034,470.83878,1969.917,330.8174,2.8617933,4.9,9.282212065969944,11.060385,6.3547535,5.0049376,7.3159833,0,3424474.2
71,2005,7,0.29036358,1,2,3.0930104,115.85533,141.1591,449.07565,1897.5177,312.51187,3.0340958,4.8,8.318106394253952,11.058417,6.3503757,4.8687024,7.3345656,0,3424474.2
72,2006,7,0.3482464,1,0,3.9089148,126.91134,148.02519,442.56335,1839.815,292.59796,3.9089148,4.3,8.019809353377031,11.119631,6.3746734,4.765973,7.346919,0,3424474.2
73,2007,7,0.35556588,2,0,3.233328,123.12399,155.68617,447.5155,1743.6223,284.73315,3.233328,4.6,7.698325336330504,11.119112,6.3947763,4.760146,7.3432674,0,3424474.2
74,2008,7,0.34998763,0,0,3.77898,115.745575,168.39365,432.49283,1809.6733,254.53722,3.77898,5.8,8.831333241339982,11.089806,6.3826556,4.895864,7.396189,0,3424474.2
75,2009,7,0.36140963,0,0,3.0333493,114.49463,166.66252,434.1696,1716.7612,213.50774,3.0333493,8.2,9.10027709360487,11.096228,6.335414,4.9442244,7.480118,0,3424474.2
76,2010,7,0.33633548,0,0,3.6501617,99.76173,162.60066,426.00195,1586.613,188.32027,3.7343962,9.0,9.444653159,11.104235,6.296185,4.965542,7.4342494,0,3424474.2
77,2000,8,0.46269727,0,1,3.2937338,183.6586,463.75772,687.20465,2814.1663,415.1422,3.1619844,3.3,8.876481027434169,11.063006,6.8154616,4.7262397,6.818771,0,822992.0
78,2001,8,0.40051904,0,0,2.9808962,149.82245,423.6761,666.68396,2524.1711,360.17004,3.7585216,3.5,8.611550325306514,11.020055,6.810824,4.6966653,6.8777075,0,822992.0
79,2002,8,0.48613518,0,0,3.3238688,147.52864,421.61996,684.5891,2372.0918,390.81027,3.8352332,4.0,9.527486477606713,11.004995,6.76447,4.8132563,6.993193,0,822992.0
80,2003,8,0.4371964,0,0,2.6498623,181.83102,465.99722,765.43164,2389.0403,371.48547,2.6498623,4.2,9.263792533445049,10.97011,6.7537804,4.7050147,7.019892,0,822992.0
81,2004,8,0.42442292,0,0,3.4764428,166.74509,419.2838,703.85547,2394.4,285.81326,3.4764428,4.0,9.913324832603074,10.923453,6.756987,4.816967,7.2894435,0,822992.0
82,2005,8,0.43568146,0,0,4.519984,159.54321,441.24814,709.8818,2209.2947,286.9579,5.0086308,4.0,10.297133963769275,10.954694,6.746387,4.822614,7.3352942,0,822992.0
83,2006,8,0.42099386,0,0,4.9210525,209.84773,437.38782,742.49304,2394.092,337.91226,4.9210525,3.6,10.398534932440983,10.945635,6.738522,4.809422,7.3722396,0,822992.0
84,2007,8,0.407991,0,0,4.573766,208.39955,468.40054,761.82526,2436.2927,277.47513,4.573766,3.4,10.162321784378594,10.95787,6.7491117,4.92331,7.3987317,0,822992.0
85,2008,8,0.44991878,0,0,6.6140327,214.31787,453.93152,787.0699,2558.0063,296.7032,6.6140327,4.6,10.208469675239382,10.846284,6.710465,4.955974,7.441735,0,822992.0
86,2009,8,0.4517857,2,1,4.746293,194.48225,416.40042,803.74426,2412.043,220.64476,4.746293,8.1,11.160619194473,10.877557,6.6675873,5.021994,7.4862185,0,822992.0
87,2010,8,0.45926735,1,0,5.382427,205.0929,379.68536,842.6862,2413.0093,216.30629,5.7188287,8.7,10.97880557,10.919968,6.60646,5.1180334,7.526988,0,822992.0
88,2000,10,0.22801723,12,20,5.7908993,203.98972,577.21735,1108.7872,3323.8223,571.9138,5.707531,3.8,12.03967721540215,10.803568,6.125483,4.1950307,6.612029,0,17281274.0
89,2001,10,0.38987434,12,21,5.460078,205.32767,564.3184,1099.837,3226.9934,561.73206,5.4538307,4.7,12.794836390706173,10.711168,6.1143994,4.669939,6.731031,0,17281274.0
90,2002,10,0.38844725,12,23,5.5825677,199.65492,542.177,1086.1311,3134.3145,542.4221,5.551928,5.7,13.098106853897773,10.738221,6.1331453,4.4219365,6.7825823,0,17281274.0
91,2003,10,0.38981062,16,16,5.5601873,189.69025,512.12695,1026.8535,3041.7896,490.8069,5.5601873,5.3,13.354420725056858,10.740757,6.2015405,4.4181533,6.8623333,0,17281274.0
92,2004,10,0.38350502,8,23,5.567921,176.5549,507.34592,978.9889,2839.781,461.0015,5.567921,4.7,12.212917306423362,10.753404,6.2214365,4.728749,6.953999,0,17281274.0
93,2005,10,0.3963372,18,25,5.0798182,173.39842,508.2177,947.98157,2720.6196,433.2113,5.056807,3.9,12.77622663377,10.779227,6.2469344,4.838201,6.975622,0,17281274.0
94,2006,10,0.42047617,12,21,6.2410555,188.76291,485.63593,944.5774,2618.999,422.63388,6.2355275,3.3,12.341336091116977,10.807584,6.242083,4.646411,6.9276214,1,17281274.0
95,2007,10,0.4699654,42,60,6.6722445,211.80214,479.45795,1009.4129,2724.263,408.73883,6.6722445,4.0,12.02952973387014,10.78218,6.3011694,4.702668,6.9199705,1,17281274.0
96,2008,10,0.46643138,41,52,6.4293222,199.47398,455.66238,1036.5839,2787.95,349.33383,6.4238224,6.0,13.063376232330295,10.723796,6.33349,4.724836,6.913868,1,17281274.0
97,2009,10,0.44217268,45,60,5.581037,169.6317,417.68326,998.13306,2633.388,275.8086,5.581037,10.5,14.886562816574308,10.74471,6.346091,4.7181473,6.9428453,1,17281274.0
98,2010,10,0.42570728,40,56,5.285303,139.68837,372.28992,905.6182,2454.9832,222.02557,5.285303,11.9,14.66394815,10.697453,6.325344,4.642952,7.019406,1,17281274.0
99,2000,11,0.51524526,9,7,8.18597,166.61153,320.01987,861.1993,3023.4019,486.65656,7.5320983,3.5,12.654038644569326,10.879009,6.321116,4.8034368,6.7694807,0,8871351.0
100,2001,11,0.45368698,6,16,7.337416,176.71149,300.50278,880.96844,2926.1812,461.21426,6.9938583,4.0,12.987876821716004,10.867311,6.334422,4.853871,6.865631,0,8871351.0
101,2002,11,0.5206224,8,13,7.2781854,161.3211,277.73605,887.93866,2817.4866,456.82025,7.1460733,4.8,13.297809542373873,10.859768,6.345328,4.7776623,7.0380735,0,8871351.0
102,2003,11,0.5110731,2,10,7.786018,166.42169,266.6563,936.23016,2929.4863,514.2327,7.53715,4.8,13.694195316230246,10.825959,6.3269644,4.8437138,7.03167,0,8871351.0
103,2004,11,0.4054628,12,0,7.1432824,159.13322,274.5561,967.1049,2906.5586,515.50494,6.455756,4.7,14.189682000408087,10.764414,6.3894253,4.7822013,7.1094246,0,8871351.0
104,2005,11,0.48486575,6,6,6.39373,159.17441,271.81287,957.5064,2829.4976,504.2091,6.1329927,5.1,14.413201828062624,10.84529,6.3147035,4.688258,7.0772657,0,8871351.0
105,2006,11,0.50586987,11,14,6.5570683,171.01773,276.80652,907.9083,2547.8801,473.038,6.183294,4.7,14.3129372557986,10.884817,6.3346634,4.6070337,6.929292,0,8871351.0
106,2007,11,0.56595373,8,7,7.833669,185.39326,287.30597,969.1031,2557.141,455.7888,7.544327,4.4,14.2437857089658,10.842498,6.365486,4.538972,6.9952955,1,8871351.0
107,2008,11,0.5738439,18,13,6.835447,187.83807,279.7801,1058.5688,2595.8293,416.36285,6.604093,6.1,14.606392888443196,10.753895,6.3178806,4.513997,6.9345856,1,8871351.0
108,2009,11,0.52833027,11,8,5.959358,154.04836,258.5161,1038.2129,2413.3926,349.16995,5.875127,9.7,16.689530176200112,10.693194,6.3313913,4.624695,6.9647646,1,8871351.0
109,2010,11,0.56405073,22,7,5.8047853,128.71434,250.16751,1006.194,2347.4114,315.2581,5.731965,10.2,16.03643657,10.694396,6.3751154,4.761356,6.93579,1,8871351.0
110,2000,12,0.12021371,0,1,2.9768107,95.51309,123.32501,907.0767,3678.8276,520.0063,2.9768107,4.0,10.066467929117886,11.086181,6.063242,5.2347345,7.0147877,0,1248183.9
111,2001,12,0.10420315,0,4,2.692209,96.07821,129.05777,939.0762,3779.6091,567.2989,2.692209,4.2,10.591318467291764,10.975465,6.1245046,5.0936923,6.980355,0,1248183.9
112,2002,12,0.1214876,0,2,1.9858721,100.121056,137.02518,1052.6777,4082.9531,819.9997,1.9858721,4.0,11.144300919210583,10.956562,6.1064086,4.9566593,7.0293703,0,1248183.9
113,2003,12,0.13099316,0,1,1.8004968,95.59001,150.83252,933.72125,3667.039,789.8452,1.8004968,3.9,10.91469328128261,11.025963,6.1674495,4.7483163,7.073268,0,1248183.9
114,2004,12,0.12817797,0,1,2.689469,76.93511,155.09271,882.3903,3347.8184,702.5219,2.689469,3.2,9.163509936365532,11.080911,6.185662,4.760323,7.144258,0,1248183.9
115,2005,12,0.112887114,0,0,1.9383633,80.8459,152.24228,790.85223,3407.3196,737.78955,2.0191283,2.7,9.833639971635284,11.105679,6.207347,4.6058335,7.1512194,0,1248183.9
116,2006,12,0.13374126,1,1,1.6336081,88.99275,162.5829,678.6475,2939.25,602.0235,1.3224447,2.4,9.164619470430916,11.088155,6.1402683,4.4402165,7.090842,0,1248183.9
117,2007,12,0.09536542,1,0,1.880091,87.89425,158.31932,712.0061,2937.172,492.19214,1.880091,2.7,8.321909169673507,11.117257,6.1491075,4.401136,7.115412,0,1248183.9
118,2008,12,0.104147464,0,1,2.0308168,84.74755,159.02858,734.5308,2454.4766,399.60226,2.0308168,4.0,9.108838505537491,11.0397005,6.1423283,4.5795455,7.1205835,0,1248183.9
119,2009,12,0.11553398,1,0,1.7965368,80.453606,164.96893,722.0516,2610.0554,379.38168,1.7965368,6.9,10.3024352446141,10.943199,6.1315475,4.597832,7.200581,0,1248183.9
120,2010,12,0.09677419,1,1,1.7810522,78.21788,158.1426,642.8857,2324.2732,378.4736,1.8552628,6.5,9.782726465,10.976902,6.08389,4.505494,7.282712,0,1248183.9
121,2000,13,0.2825112,0,1,1.2673699,17.663967,209.43288,580.61383,2261.0671,165.23335,1.2673699,4.6,11.488945762113085,10.7710085,6.083202,4.352778,6.6383734,0,1401675.9
122,2001,13,0.28163266,1,2,2.3264976,18.999731,194.72784,582.16724,2193.4995,185.26675,2.3264976,4.9,11.757653401494542,10.759922,6.1436806,4.5059094,6.781303,0,1401675.9
123,2002,13,0.3375,0,0,2.7516203,18.344135,202.2441,568.7446,2221.1692,200.79185,2.7516203,5.4,11.963357588357589,10.73005,6.1614594,4.6078033,6.8344965,0,1401675.9
124,2003,13,0.31428573,1,0,1.9502462,18.37732,191.72421,587.84924,2217.2048,198.47505,1.9502462,5.3,12.002940371221866,10.824388,6.064551,4.661004,6.878614,0,1401675.9
125,2004,13,0.2987552,0,1,2.279157,17.718609,190.12581,563.9811,2087.193,201.37456,2.279157,4.7,11.821325851816562,10.8435335,6.1499577,4.720334,6.9362245,0,1401675.9
126,2005,13,0.32706767,1,0,2.5078208,19.059439,200.05244,577.9452,1978.0258,206.64444,2.937733,4.0,13.359806367572013,10.80645,6.1913877,4.445949,7.0002785,0,1401675.9
127,2006,13,0.3537415,0,1,2.1821182,20.048212,183.5707,510.2065,1712.4172,164.27258,2.1821182,3.4,12.474419778174044,10.819258,6.185785,4.520419,6.9670615,0,1401675.9
128,2007,13,0.40677965,1,1,3.3491473,16.130587,198.76164,480.6368,1686.3982,153.44562,3.3491473,2.7,12.154670454164869,10.8536,6.2151146,4.423959,6.9730887,0,1401675.9
129,2008,13,0.28630707,0,0,1.539787,16.13429,189.9294,455.57614,1591.4703,112.136665,1.539787,4.2,12.453195493377912,10.779373,6.1904087,4.424404,6.9983215,0,1401675.9
130,2009,13,0.40944883,0,0,1.6079615,17.017593,197.77927,447.6833,1545.385,98.62164,1.6079615,8.0,14.574027535001639,10.769537,6.2061486,4.7046766,7.0889716,0,1401675.9
131,2010,13,0.28037384,0,0,1.3518698,13.776197,174.13371,418.56464,1510.3605,85.103424,1.4162446,9.2,14.04863126,10.758201,6.170382,4.5070267,7.0466056,0,1401675.9
138,2006,14,0.008788159,2,11,6.078568,185.33397,318.40784,602.08215,2124.21,293.33765,4.855061,4.5,11.97113927167847,10.871079,5.8622456,4.497274,7.125266,0,12520122.0
139,2007,14,0.010779221,2,16,5.8827906,180.70805,317.39688,590.81366,2095.83,265.09326,5.210025,5.0,11.704187318690556,10.918954,5.8684793,4.5216346,7.155058,0,12520122.0
140,2008,14,0.010803174,0,20,6.1579165,187.5982,303.05524,615.54224,2101.12,255.09364,5.128999,6.6,11.920128857915348,10.895405,5.8706017,4.4552093,7.211719,0,12520122.0
141,2009,14,0.011473193,2,15,6.0461273,179.29544,286.17816,608.9147,1946.1882,208.65005,5.396931,10.0,13.072642774842446,10.891969,5.867128,4.4954495,7.3008323,0,12520122.0
142,2010,14,0.012017553,0,14,5.5174966,156.72504,250.41307,589.2546,1874.0264,225.04509,5.470606,10.5,12.787283,10.834884,5.935936,4.5098147,7.295567,0,12520122.0
143,2000,15,0.39223176,2,2,5.9637456,106.432526,217.49034,696.4706,2451.6924,357.31647,5.2521625,2.9,8.968033138094086,10.853987,5.836248,4.1065726,6.7663407,0,6158275.5
144,2001,15,0.4589318,1,6,6.9569025,120.79407,226.29305,720.25,2481.0874,362.14636,6.4010243,4.2,9.159225476076172,10.814323,5.8669443,4.0652566,6.8040886,0,6158275.5
145,2002,15,0.49561402,5,6,6.05262,110.55228,220.43575,712.3533,2442.3325,339.1975,5.517582,5.2,9.78529751720524,10.814706,5.889805,4.257689,6.9455967,0,6158275.5
146,2003,15,0.4585221,2,7,5.617002,106.374054,222.40337,691.0242,2421.0608,345.17972,5.3178716,5.3,10.1312932648325,10.825641,5.948997,4.3832726,6.9652123,0,6158275.5
147,2004,15,0.45394632,3,2,5.215442,105.183586,194.78687,695.9645,2453.7336,348.09778,4.9513693,5.3,11.278740635722809,10.796715,5.982024,4.464229,6.985952,0,6158275.5
148,2005,15,0.49581435,3,8,5.842414,111.74437,185.13559,718.09174,2482.6648,356.84674,5.4649544,5.3,12.089069894304828,10.766294,5.9948034,4.6818986,6.9816647,0,6158275.5
149,2006,15,0.22989145,7,3,5.733727,113.81923,174.94203,723.98596,2397.2522,343.10495,5.4011073,5.0,12.174539717938645,10.801676,6.0240674,4.6807427,6.9699297,0,6158275.5
150,2007,15,0.4683206,5,4,5.617543,124.72851,180.9674,738.40546,2362.177,309.37747,5.3160367,4.6,11.98480660813525,10.817777,6.065067,4.7527947,7.0451117,1,6158275.5
151,2008,15,0.51047295,4,4,5.0823956,119.81511,187.81187,771.90857,2313.0425,276.3592,4.8929896,5.9,12.620235352796383,10.760199,6.1026254,4.773526,7.1579437,1,6158275.5
152,2009,15,0.4664489,3,7,4.91922,115.83817,191.95995,770.6778,2163.0378,218.16425,4.6511855,10.0,14.120983484507374,10.715218,6.118555,4.859153,7.0929413,1,6158275.5
153,2010,15,0.45875543,13,5,4.5213466,96.295395,187.62039,729.5317,2121.7349,203.11995,4.041341,9.9,13.80079102,10.743372,6.073015,4.920876,7.121458,1,6158275.5
154,2000,16,0.26704016,0,1,1.6299601,37.949722,212.7098,579.06104,2307.3857,190.42186,1.8071296,2.8,8.42207462028131,10.857055,5.64147,4.7133317,6.89284,0,2907060.2
155,2001,16,0.2764298,1,3,1.7737057,40.937126,213.27037,598.9804,2349.9473,195.28499,1.7382315,3.3,8.37597026134134,10.829016,5.6434836,4.7348127,7.0322146,0,2907060.2
156,2002,16,0.23011121,0,3,1.5534573,41.272537,225.1807,658.2069,2415.3083,205.58595,1.624069,3.9,9.250591019887079,10.814766,5.6920424,4.76517,7.021083,0,2907060.2
157,2003,16,0.21927498,0,1,1.7606453,39.825794,218.24959,616.754,2267.711,198.56557,1.7606453,4.4,9.289762763621408,10.800799,5.706876,4.732068,7.061813,0,2907060.2
158,2004,16,0.24568966,2,1,1.5432289,40.685123,228.43294,628.7956,2182.0554,197.56836,1.5432289,4.7,10.68328209696738,10.821497,5.7004457,4.6779532,7.1390557,0,2907060.2
159,2005,16,0.20034692,0,2,1.3973598,40.2789,232.55562,633.94727,2121.297,192.137,1.3973598,4.3,10.784579155372796,10.85771,5.7210274,4.6659846,7.157426,0,2907060.2
160,2006,16,0.23158693,0,0,1.9114144,44.16373,215.15147,623.35583,2074.857,172.12788,1.8108135,3.7,10.595707365819553,10.859825,5.695786,4.6081448,7.1893835,0,2907060.2
161,2007,16,0.24924925,0,4,1.3458651,44.81731,223.58185,578.5874,1917.7233,166.48352,1.3122185,3.8,10.642529472764064,10.847977,5.682907,5.102365,7.153107,0,2907060.2
162,2008,16,0.23859087,0,2,2.5800908,41.851086,214.04703,556.16034,1752.5183,146.62958,2.5800908,4.0,11.092949951933242,10.835179,5.682655,5.12041,7.1892414,0,2907060.2
163,2009,16,0.26977518,0,6,1.2756473,40.317165,213.36879,551.1803,1670.3258,131.05597,1.2756473,5.9,11.49119803416049,10.850463,5.689851,5.150819,7.282633,0,2907060.2
164,2010,16,0.2720079,0,0,1.2857865,33.331543,212.5504,549.12976,1578.649,124.49051,1.2857865,6.7,11.53924138,10.803182,5.742108,5.1440477,7.337619,0,2907060.2
165,2000,17,0.19042969,0,1,6.48387,78.57376,277.42523,824.2572,3072.242,249.22615,3.683145,3.8,9.019370274256197,10.85871,5.768717,4.085049,6.460618,0,2702063.2
166,2001,17,0.21791168,0,0,3.5213478,92.741585,285.11435,785.184,2948.6694,305.63004,3.1768682,4.3,9.650559817747286,10.83966,5.793895,4.7431846,6.6520004,0,2702063.2
167,2002,17,0.25635105,7,0,2.9611385,82.190575,263.883,747.0801,2804.6157,273.7914,2.5055788,5.1,10.085827459775972,10.8523035,5.8265963,4.778563,6.817905,0,2702063.2
168,2003,17,0.15754339,0,0,4.731717,85.05735,279.13345,831.7602,3008.2744,296.4705,3.5203977,5.6,10.529509449617999,10.867349,5.8455143,4.747129,6.7509713,0,2702063.2
169,2004,17,0.20033112,0,0,4.5977807,68.28835,273.37952,759.2368,3056.959,320.71405,4.5977807,5.6,11.220582682043858,10.766419,5.8227477,4.270031,6.981676,0,2702063.2
170,2005,17,0.1832869,1,2,3.793262,67.4149,289.45218,714.63556,2862.6733,350.70773,3.7557049,5.1,11.667698233616864,10.756583,5.8306127,4.345062,7.0360894,0,2702063.2
171,2006,17,0.4028287,2,3,4.5946655,69.0647,318.69614,735.3997,2804.4463,318.69614,4.48613,4.5,11.834085543988495,10.804868,5.7650323,4.2670603,7.0068083,0,2702063.2
172,2007,17,0.42387033,1,2,3.952387,73.82624,335.26395,736.48566,2670.1094,311.54962,3.8436058,4.1,10.944341323803124,10.839541,5.75359,4.1814075,7.0325227,1,2702063.2
173,2008,17,0.39001188,2,0,4.0667977,60.534103,308.10492,710.53796,2448.2842,266.9691,4.0308084,4.5,11.07766899793745,10.788968,5.727867,4.169732,7.0515594,1,2702063.2
174,2009,17,0.47424412,1,2,4.4999075,64.29468,301.31378,701.01355,2357.9155,214.48358,4.463908,6.6,12.948645257907687,10.724478,5.7400165,4.266014,7.0907884,1,2702063.2
175,2010,17,0.45401555,3,4,3.5294309,54.49441,274.58972,684.85077,2244.7886,212.0835,3.4588423,6.6,12.40626714,10.741363,5.766597,4.300441,7.0728683,1,2702063.2
176,2000,18,0.29084766,1,1,4.9147367,82.9139,187.49849,644.46716,1862.5325,236.16202,1.833477,4.3,14.014181435281445,10.734569,5.939939,4.562129,7.182271,0,4105912.0
177,2001,18,0.33863568,2,2,4.581462,82.74474,152.09947,682.5113,1808.4878,226.39003,1.9996436,5.2,14.815131682859562,10.765047,5.967201,4.664204,7.218498,0,4105912.0
178,2002,18,0.3062919,0,2,4.8012834,78.70586,168.22089,675.97546,1819.4099,234.30766,2.1366968,5.7,14.9884253876785,10.704457,5.99213,4.780031,7.2871313,0,4105912.0
179,2003,18,0.3300248,1,2,4.5215683,80.53887,142.46687,650.3564,1725.7651,206.16852,1.9735022,6.3,15.15132514421554,10.687092,6.0288444,4.9067783,7.2927732,0,4105912.0
180,2004,18,0.44706243,0,2,5.854432,81.069,134.20541,642.5487,1749.7557,217.60626,5.3831005,5.5,16.57699793656078,10.62386,6.0911074,5.028615,7.320193,0,4105912.0
181,2005,18,0.43821138,1,1,4.6813793,90.91731,143.71834,651.89435,1733.4408,216.72322,4.3610744,6.0,16.856365185026583,10.62101,6.183012,5.064277,7.3084254,0,4105912.0
182,2006,18,0.3589189,1,3,4.2082,87.96802,150.11624,669.5555,1727.145,225.17436,3.6613717,5.7,16.520536728550187,10.661931,6.164373,5.0698485,7.299884,0,4105912.0
183,2007,18,0.36641976,3,4,5.1835055,96.29907,163.37553,660.897,1678.3145,206.936,4.7317324,5.5,16.809466698116438,10.633111,6.280344,5.1634374,7.284255,1,4105912.0
184,2008,18,0.39655173,6,0,4.769777,95.86779,167.74503,697.4028,1820.3782,180.94455,4.580875,6.4,16.92918935754176,10.637513,6.239376,5.1265097,7.30141,1,4105912.0
185,2009,18,0.42174628,11,2,4.3273754,85.65381,132.71402,702.72815,1715.381,143.36783,4.139229,10.3,18.15324553151458,10.677477,6.2322316,5.182125,7.39969,1,4105912.0
186,2010,18,0.4586446,7,0,4.3309727,86.80473,120.71138,702.0113,1718.238,143.80219,4.192011,10.3,17.69417637,10.627067,6.1650076,5.2180367,7.417879,1,4105912.0
187,2000,19,0.5707647,8,6,12.924038,173.82831,481.2127,1068.2871,3331.2864,490.88266,12.370151,4.9,17.38407772331988,10.568543,6.7001524,4.7921653,6.808087,0,4365311.5
188,2001,19,0.5721007,10,9,11.571946,181.64029,482.97284,1072.9111,3223.3992,500.91974,11.248578,5.4,18.405861641100596,10.62223,6.71796,4.8024445,6.6803923,0,4365311.5
189,2002,19,0.5507511,6,9,13.639578,163.83594,470.2549,1043.0941,3066.076,464.29767,13.294563,5.9,18.337641415737544,10.626582,6.719944,5.124876,6.755714,0,4365311.5
190,2003,19,0.57348746,8,9,13.390592,160.6871,445.4894,1021.99567,2968.6528,450.6714,13.000797,6.2,18.26472145390644,10.589661,6.7172303,5.071484,6.63455,0,4365311.5
191,2004,19,0.5565204,13,7,13.102372,149.8327,458.58304,1035.3842,3060.568,450.0003,12.714323,5.5,19.383750227693668,10.646615,6.737187,4.884028,6.9904675,0,4365311.5
192,2005,19,0.51658237,10,13,10.251161,121.57876,448.34018,897.136,2570.5354,327.78653,9.112143,6.7,20.106876318840243,10.635543,6.7117205,4.922094,7.052469,0,4365311.5
193,2006,19,0.47282517,14,5,13.107053,138.60358,529.0398,1095.815,2624.4424,368.25687,12.500676,4.0,18.851742911463493,10.582993,6.760646,4.841515,7.062626,0,4365311.5
194,2007,19,0.5250317,14,6,14.525605,145.3021,535.99713,1080.3735,2714.4236,352.1366,14.088226,3.8,18.045866383306098,10.679205,6.7617693,4.9129834,7.0822554,1,4365311.5
195,2008,19,0.51888,9,6,12.458026,143.9236,495.83405,1048.0631,2580.5386,312.53296,12.2047205,4.6,17.389424079959802,10.598208,6.7842636,4.9921365,7.2147923,1,4365311.5
196,2009,19,0.54455286,13,7,11.9912615,139.4069,472.5781,1063.754,2586.4402,262.69702,11.741916,6.7,17.431553473544195,10.740367,6.8043094,5.0099206,7.2518706,1,4365311.5
197,2010,19,0.53367877,12,7,11.357343,116.04532,399.33307,1011.8056,2450.2688,220.31018,11.067842,7.4,17.33284163,10.582612,6.778116,5.038408,7.267761,1,4365311.5
198,2000,20,0.18623482,0,0,1.2096667,19.919178,65.72522,546.36615,1927.8861,106.61195,1.2096667,3.3,10.058539803275938,10.761789,4.9082484,5.151839,7.3774776,0,1289211.6
199,2001,20,0.18939394,0,1,1.517881,21.090557,65.987885,551.0707,1964.0582,133.49364,1.517881,3.8,10.353866003059728,10.716393,4.91361,5.133154,7.4065447,0,1289211.6
200,2002,20,0.21481481,0,2,1.1115108,21.436277,58.354313,552.97656,1952.3685,113.45349,1.1115108,4.4,11.186720304998543,10.7069235,5.016272,5.2251644,7.458246,0,1289211.6
201,2003,20,0.18685122,0,0,1.2592456,22.745125,60.050274,517.7861,1892.2527,114.591354,1.2592456,5.0,10.870988712437097,10.691876,5.0653057,5.215186,7.526475,0,1289211.6
202,2004,20,0.21107267,0,0,1.4076521,22.600637,58.02655,495.88458,1884.3771,101.89838,1.4076521,4.6,11.636747541496414,10.772813,5.0643826,5.2437963,7.6323833,0,1289211.6
203,2005,20,0.18266253,0,1,1.4801277,25.16217,63.48969,492.57092,1886.6176,105.01117,1.4801277,4.8,12.244551377180949,10.800697,5.060026,5.232773,7.609268,0,1289211.6
204,2006,20,0.20365535,0,1,1.740349,28.980595,59.474537,517.33765,1926.869,101.84825,1.740349,4.6,12.355948285907562,10.806835,5.0777626,5.260608,7.619421,0,1289211.6
205,2007,20,0.20916906,2,4,1.521167,26.544365,61.150913,513.0136,1842.7417,97.05046,1.521167,4.8,11.847153135885852,10.827012,5.1299086,5.2776127,7.577339,0,1289211.6
206,2008,20,0.15915915,0,4,2.3572907,25.321865,63.038517,498.7571,1877.8483,89.65309,2.3572907,5.5,12.255630693142336,10.775304,5.117463,5.2294297,7.5599213,0,1289211.6
207,2009,20,0.19298245,0,0,1.9751135,30.310396,59.253407,511.1746,1819.7633,77.63715,1.9751135,8.1,12.268797763563713,10.784897,5.1214657,5.1388927,7.6953826,0,1289211.6
208,2010,20,0.18115942,1,2,1.8055675,31.146038,59.73419,553.63214,1849.5781,74.47966,1.8055675,7.9,12.25258083,10.781723,5.087903,5.0560308,7.6906843,0,1289211.6
209,2000,21,0.45995575,4,16,8.329411,262.667,506.15698,763.7101,2816.9485,553.4797,8.484377,3.6,8.058317497767524,11.142543,6.122379,5.142881,6.868994,0,5471289.5
210,2001,21,0.4648429,7,10,8.5096855,258.05716,508.82574,792.8317,2784.4224,611.03735,8.853126,4.1,7.797390121553029,11.096258,6.116308,5.060185,6.9164457,0,5471289.5
211,2002,21,0.33427742,8,9,9.639246,252.1048,501.9736,747.1825,2692.976,639.2342,9.921095,4.5,8.369608904032756,11.132587,6.1181035,5.019148,6.959908,0,5471289.5
212,2003,21,0.33972335,6,10,9.7720375,247.59552,439.1461,719.2406,2501.1206,677.62103,9.7720375,4.5,8.953010830023869,11.03518,6.0931892,4.992967,7.016074,0,5471289.5
213,2004,21,0.3339336,5,13,9.609233,235.56453,449.12558,676.96216,2395.6313,661.80133,9.609233,4.3,9.337462782667748,11.096091,6.062539,5.0000324,7.06384,0,5471289.5
214,2005,21,0.39748228,4,18,10.1074505,263.26978,424.3115,657.7533,2352.747,623.8421,10.1074505,4.2,8.310265031261684,11.121112,6.0314736,4.9374013,7.0818005,0,5471289.5
215,2006,21,0.3404285,6,19,9.722694,255.99535,391.98843,667.0374,2270.5698,543.5449,9.722694,3.9,7.781325552328309,11.139686,6.012699,5.276053,7.11658,0,5471289.5
216,2007,21,0.32802835,1,24,9.896669,236.84123,376.4307,662.66595,2274.2332,507.21323,9.896669,3.6,8.138867060044378,11.142065,6.036934,5.3235497,7.159643,0,5471289.5
217,2008,21,0.32141504,3,37,8.774975,234.9664,366.02145,691.10486,2383.696,450.83432,8.774975,4.3,7.988038980109464,11.074684,6.0286326,5.3452883,7.1571345,0,5471289.5
218,2009,21,0.3183976,5,21,7.8049917,212.98758,355.1626,654.6437,2231.0037,348.01392,7.8049917,7.1,9.0314573090021,11.08592,5.9783106,5.5057387,7.290353,0,5471289.5
219,2010,21,0.32133165,7,8,7.499417,192.78734,329.7825,637.3109,2065.9673,314.81854,7.429655,7.4,8.893767967,11.067029,5.9787345,5.616463,7.3329535,0,5471289.5
220,2000,22,0.22734308,0,1,2.039857,94.89414,368.7082,499.35696,1720.4153,422.2667,1.9909003,2.8,8.63947912826636,10.988592,5.164619,4.816141,7.209129,0,6315575.0
221,2001,22,0.23733786,0,1,2.3216898,105.1417,358.96896,526.52026,1734.3022,451.80408,2.516517,3.7,8.40839724339118,11.072124,5.1469274,4.7756653,7.280715,0,6315575.0
222,2002,22,0.24940717,0,0,2.7855701,115.43209,354.52417,535.26416,1737.7126,428.1083,2.7855701,5.3,9.161176302753143,11.009109,5.1138716,4.7741904,7.063605,0,6315575.0
223,2003,22,0.27225065,0,2,2.251248,128.81963,327.6852,562.21704,1673.4652,410.22562,2.203007,5.8,9.647562308513272,11.008843,5.1031175,4.7384734,6.9163847,0,6315575.0
224,2004,22,0.2557456,1,1,2.7574348,120.68211,323.152,556.2762,1638.4161,355.5317,2.7413094,5.2,10.039336177414965,11.00285,5.097275,4.8738785,7.582895,0,6315575.0
225,2005,22,0.2438433,0,1,2.8789265,126.75364,321.5017,561.6818,1586.3047,306.00726,2.862753,4.8,10.233856176591416,11.043913,5.1537266,4.7226624,7.537086,0,6315575.0
226,2006,22,0.25448555,0,1,2.9205277,127.27597,345.69415,549.26117,1565.7601,280.94543,2.9049928,5.0,9.690170855526626,10.999312,5.1438775,4.653553,7.5547743,0,6315575.0
227,2007,22,0.25056946,0,0,2.920271,109.10629,325.64127,555.8145,1614.1797,233.71487,2.8892043,4.5,9.654928058040072,11.026419,5.179756,4.6848445,7.6319356,0,6315575.0
228,2008,22,0.24791402,0,0,2.5812354,109.29291,323.13358,560.4527,1654.5874,197.45679,2.565779,5.1,9.770950126511453,11.019989,5.1723447,4.683265,7.59354,0,6315575.0
229,2009,22,0.24561404,0,1,2.65697,114.67974,324.5036,530.08856,1640.2413,182.2098,2.65697,8.5,10.11333436540496,11.007966,5.157868,4.723422,7.629903,0,6315575.0
230,2010,22,0.24585395,2,3,3.2235231,105.51666,333.4658,579.72766,1606.9264,175.80482,3.2849238,8.9,10.3868673,11.024074,5.1569867,4.796463,7.65637,0,6315575.0
231,2000,23,0.46477538,15,16,6.9050546,141.52782,369.02304,720.3345,2351.0522,575.15283,6.8637686,3.7,9.820195065208383,10.961677,6.1995335,4.5415206,6.9553423,0,9905407.0
232,2001,23,0.4889851,14,6,6.899294,132.82167,375.26205,739.6002,2327.5671,550.3727,6.8684936,5.2,9.89450137559808,10.923724,6.21765,4.3068933,7.048218,0,9905407.0
233,2002,23,0.46349287,7,5,6.920346,120.92233,371.7083,724.3908,2188.044,507.52267,6.971381,6.2,11.033726173544721,10.854547,6.2468476,4.4562225,7.071891,0,9905407.0
234,2003,23,0.46436822,18,8,6.228475,114.53474,348.2043,695.2688,2122.3428,546.6301,6.208121,7.1,11.07999926723822,10.88506,6.2192545,4.541493,7.0050406,0,9905407.0
235,2004,23,0.4733592,10,13,6.5220203,114.98231,327.37906,651.52246,1977.7849,513.07916,6.5220203,7.0,12.595543035800718,10.794993,6.2062244,4.8834634,7.0604925,0,9905407.0
236,2005,23,0.48321846,2,2,6.3757005,135.29865,372.6085,714.8792,1967.3445,489.3274,6.568289,6.8,13.099225864300163,10.845446,6.2190194,4.7705555,7.2243457,0,9905407.0
237,2006,23,0.49241465,5,10,7.161505,141.03114,363.4439,756.3263,1973.1086,496.57065,7.1416945,6.9,13.162985260077045,10.870585,6.236142,4.7759337,7.15029,0,9905407.0
238,2007,23,0.47193953,6,11,6.5682406,132.39513,347.71057,744.1331,1891.4949,415.4437,6.5286136,7.2,13.575226220417283,10.857383,6.2098985,4.809948,7.1824446,1,9905407.0
239,2008,23,0.5013601,6,5,5.514799,131.73799,329.59384,743.4626,1834.2979,355.52536,5.5048447,8.4,13.96355076208251,10.828103,6.184485,4.791243,7.203485,1,9905407.0
240,2009,23,0.5001207,18,7,6.205669,123.78467,321.25043,757.49005,1779.3037,292.30392,6.185747,13.7,15.594447291061206,10.752634,6.1159005,4.881726,7.262717,1,9905407.0
241,2010,23,0.48777518,16,10,5.72225,115.9891,320.1937,745.48706,1685.1875,276.05063,5.883724,13.3,15.36210135,10.745938,6.0985126,4.9435153,7.2864094,1,9905407.0
242,2000,24,0.07514139,1,1,3.156621,77.61943,161.1549,545.9491,2471.9897,280.79294,3.073002,3.1,7.036421972089617,11.13733,4.8706374,5.0124745,7.2577443,0,5031185.0
243,2001,24,0.08195849,1,3,2.4605246,77.70296,145.39839,527.17255,2574.6392,310.79114,2.3984945,3.9,7.331598284414727,11.080279,4.9169846,5.049335,7.3277583,0,5031185.0
244,2002,24,0.08966218,0,3,2.2939994,80.638176,145.54607,574.1962,2501.893,283.51373,2.2120707,4.5,7.601105461910087,11.100436,4.983724,5.120446,7.422735,0,5031185.0
245,2003,24,0.07936508,0,2,2.5815191,79.39696,146.1709,563.0151,2362.3135,279.47485,2.5205383,4.9,8.132029049610699,11.044856,5.074369,5.214758,7.5500355,0,5031185.0
246,2004,24,0.25970516,0,5,2.278801,82.07717,150.1387,565.62665,2287.9363,272.60913,2.278801,4.6,8.243895434896066,11.078444,5.1739845,5.1716785,7.4632,0,5031185.0
247,2005,24,0.2514818,1,2,2.3046794,94.672226,163.25146,595.5292,2290.7312,286.2011,2.3046794,4.1,9.131741087103254,11.011225,5.225734,5.247552,7.5094995,0,5031185.0
248,2006,24,0.30409357,0,4,2.4578578,105.90077,171.1211,585.6475,2245.3403,257.7848,2.3997982,4.0,9.425865683678333,11.015115,5.1720114,5.0220447,7.409875,0,5031185.0
249,2007,24,0.3204026,1,2,2.2500923,92.50595,160.9592,577.1875,2248.0168,244.73633,2.2112978,4.6,9.336525360868256,11.0194645,5.213054,5.0756207,7.448127,0,5031185.0
250,2008,24,0.31658292,3,1,2.1034503,80.645134,148.16782,511.06125,2172.5168,195.73668,2.0841527,5.5,9.450358763726943,10.926298,5.253531,5.0693007,7.477551,0,5031185.0
251,2009,24,0.31389886,2,4,1.4262089,69.74932,142.46669,493.0057,2026.7584,164.70784,1.4262089,8.0,10.756659672461508,10.951087,5.259894,5.1290784,7.5726933,0,5031185.0
252,2010,24,0.3211334,2,9,1.8183192,64.17152,136.999,462.44025,1959.0306,162.64487,1.8183192,7.1,10.71281712,10.8695965,5.223294,5.295074,7.616672,0,5031185.0
253,2000,25,0.48131704,0,0,9.275277,98.31794,228.79018,979.1055,2537.352,253.45149,6.2198915,5.6,17.814897477270115,10.678814,6.6015544,4.2784452,7.0618105,0,2847116.8
254,2001,25,0.43260473,3,0,10.207864,119.23654,191.23456,1079.4635,2545.2693,342.9046,6.7690444,5.6,19.194186874858826,10.522557,6.655197,4.33806,7.149149,0,2847116.8
255,2002,25,0.44696066,1,0,9.512735,120.92705,184.16512,1066.3271,2539.1797,343.1431,6.6661215,6.7,19.15378453726488,10.530174,6.5763125,4.30792,7.306927,0,2847116.8
256,2003,25,0.42141908,2,0,9.585377,108.27527,178.56802,1061.3561,2452.241,322.95898,6.7133536,6.4,18.60489328100986,10.56615,6.605502,4.246086,7.3648777,0,2847116.8
257,2004,25,0.44586498,0,0,8.092611,89.23262,166.7363,986.1221,2332.9536,280.88846,6.3457475,6.4,19.57998280231071,10.599555,6.6174693,4.1724563,7.401577,0,2847116.8
258,2005,25,0.42079002,1,0,7.577485,85.15819,154.55945,951.293,2155.4404,265.2828,5.771636,7.8,20.94604547340869,10.510968,6.588117,4.1146765,7.4338884,0,2847116.8
259,2006,25,0.4496005,0,1,7.9710293,111.80056,153.99205,932.8853,1994.7501,285.3766,6.287493,6.8,20.21233173225587,10.533695,6.5845866,4.1013217,7.2710624,0,2847116.8
260,2007,25,0.4623133,0,0,7.019674,99.066864,149.71863,936.8168,1968.7432,245.89503,5.5400367,6.3,20.073513876587253,10.576458,6.648796,4.1960206,7.320605,1,2847116.8
261,2008,25,0.45407504,1,0,8.017021,105.93431,160.99136,884.2705,1859.7433,217.65869,6.5095468,7.0,20.23030091236437,10.516156,6.658742,4.047026,7.332105,1,2847116.8
262,2009,25,0.45503536,2,0,6.638743,101.60014,147.04474,1011.51855,1790.7153,186.12434,5.338371,9.6,21.231863228208496,10.481701,6.600035,4.2381196,7.4868355,1,2847116.8
263,2010,25,0.5253688,1,0,7.0297036,93.9209,138.1945,1028.9053,1783.4493,181.15005,5.745431,10.7,21.12689527,10.544947,6.5680695,4.3350983,7.4680805,1,2847116.8
264,2000,26,0.44156358,3,9,6.386715,139.84514,333.56323,767.2341,2936.3982,454.5243,6.1106324,3.3,10.697416398912381,10.952524,6.2225366,4.7388163,6.839212,0,5688724.5
265,2001,26,0.44614592,11,10,6.8037214,142.12828,383.0934,786.031,3062.0405,512.36414,6.657405,4.5,11.080244407231259,10.837834,6.2652125,4.783031,6.9598455,0,5688724.5
266,2002,26,0.43237472,7,6,6.011664,127.57078,394.79016,775.90424,2904.5056,506.3238,5.993502,5.2,11.453346126735687,10.855975,6.3038306,4.8652296,7.0984297,0,5688724.5
267,2003,26,0.4482501,6,10,5.221552,120.80033,355.78824,758.78723,2920.022,541.1443,5.221552,5.6,11.80692254920861,10.856669,6.30537,4.849817,7.08788,0,5688724.5
268,2004,26,0.43408749,5,9,6.3371425,118.68716,353.788,724.5108,2833.1682,463.52438,6.390847,5.7,13.169118997571477,10.79216,6.321483,4.9057264,7.06405,0,5688724.5
269,2005,26,0.4692885,5,6,7.137898,127.77193,377.38528,760.34595,2828.3123,456.31055,7.17341,5.3,13.508010603862633,10.779143,6.3049827,4.960332,7.1325417,0,5688724.5
270,2006,26,0.4747927,4,8,6.3326745,130.0252,379.36145,765.17535,2628.4536,434.81512,6.3155594,4.8,13.403037253412927,10.783259,6.2467237,4.350724,7.0121813,0,5688724.5
271,2007,26,0.498705,7,15,6.290015,132.34741,394.53992,768.97577,2678.7751,409.1252,6.290015,5.0,13.00583206104777,10.786779,6.2377763,4.36348,6.952983,0,5688724.5
272,2008,26,0.5140616,12,15,7.7625914,125.903786,344.63522,779.18713,2554.182,353.43622,7.7625914,6.1,13.191928198753661,10.749784,6.2419567,4.4667954,6.979505,1,5688724.5
273,2009,26,0.52238804,3,13,6.554454,125.9573,340.1372,738.28217,2384.0598,295.1706,6.554454,9.1,14.401439473259014,10.811222,6.2492657,4.5444107,7.100671,1,5688724.5
274,2010,26,0.528865,5,10,7.0464916,102.87878,323.2662,738.9253,2354.1992,269.29343,7.063269,9.4,14.02751789,10.740389,6.2417817,4.5365434,7.1122684,1,5688724.5
275,2000,27,0.23152709,1,0,2.2793763,23.13567,259.39304,413.02298,3040.46,216.08487,1.3676258,4.8,13.411508343087164,10.633425,5.8689384,4.5081325,6.6736374,0,921333.75
276,2001,27,0.10869565,0,2,3.865222,26.147089,310.923,417.2166,2806.1511,207.01674,2.614709,4.5,14.184909946011945,10.585675,5.9357853,4.5680084,6.737916,0,921333.75
277,2002,27,0.16607773,0,1,1.8087537,31.99233,300.81836,371.81192,2676.8425,201.56299,1.1304711,4.5,14.261344559664565,10.650625,5.9286723,4.619274,6.80721,0,921333.75
278,2003,27,0.1409396,0,0,3.3613558,33.38947,311.1495,417.03223,2554.6304,213.55814,2.3529491,4.4,14.466043023113803,10.607451,6.0053763,4.620078,6.781271,0,921333.75
279,2004,27,0.10300429,0,0,3.3263075,25.834322,242.48781,389.73236,2448.384,179.39885,2.550169,4.2,13.868595333634179,10.576304,6.0634823,4.6027265,6.882759,0,921333.75
280,2005,27,0.22033899,0,1,1.9766079,19.436646,234.7771,399.9337,2612.856,216.43857,2.0864196,3.9,14.519942326972682,10.637609,5.96063,4.6157455,6.8848433,0,921333.75
281,2006,27,0.33333334,0,1,3.5992851,24.771551,312.29092,358.23474,2298.8848,206.32373,3.3875625,3.2,14.03054311096808,10.702143,5.9352555,4.6488676,6.883476,0,921333.75
282,2007,27,0.2173913,0,1,2.4291968,24.291967,306.8181,356.247,2328.0156,212.71315,2.3235795,3.1,13.8815924969503,10.734351,5.901668,4.7059994,7.006714,0,921333.75
283,2008,27,0.1724138,0,0,3.4500928,21.223299,244.22475,382.01938,2184.8496,185.15498,3.4500928,4.2,13.901887723524197,10.679205,5.932525,4.608295,7.0284557,0,921333.75
284,2009,27,0.24122807,0,1,3.3463807,23.842962,228.07677,385.46124,2042.1288,168.57393,3.3463807,6.3,14.876440120176898,10.623885,5.9322205,4.6608963,7.1805825,0,921333.75
285,2010,27,0.18471338,0,0,2.6429129,15.959128,222.51294,371.43094,2031.8918,155.11867,2.7445636,7.2,14.21643221,10.632653,5.9341884,4.6682906,7.190879,1,921333.75
286,2000,28,0.4272014,0,2,3.7941637,69.077866,238.49028,610.13763,2958.1226,314.9758,3.673714,2.8,8.962717825643125,10.875402,5.457778,4.2775,6.968198,0,1725508.9
287,2001,28,0.41046098,0,0,2.586656,67.85461,217.2791,587.1108,3170.9395,390.4046,2.5265012,3.1,9.420480781146045,10.8913355,5.46734,4.3070173,7.0184655,0,1725508.9
288,2002,28,0.468727,1,0,2.8605857,80.99033,211.98132,615.5623,3065.5945,381.94778,2.8009903,3.7,10.12659283971542,10.856438,5.4882708,4.383781,7.0901194,0,1725508.9
289,2003,28,0.4806867,0,1,3.318202,69.03045,200.27719,600.4168,2898.9233,363.3431,3.318202,4.0,10.075601675928993,10.861515,5.478071,4.428481,7.1472416,0,1725508.9
290,2004,28,0.45518455,0,1,2.3577774,67.078766,211.90524,579.188,2734.963,311.63922,2.3577774,3.9,10.14799179257689,10.83056,5.4948726,4.4726505,7.1640787,0,1725508.9
291,2005,28,0.43557692,1,0,2.5776577,60.926456,198.42107,551.1501,2657.2722,326.95245,2.5776577,3.8,10.922004761636954,10.887867,5.564474,4.4943137,7.1599083,0,1725508.9
292,2006,28,0.45294636,0,0,2.9971764,64.29792,193.96822,539.15247,2533.01,292.70538,2.827525,3.0,11.004444303696538,10.860229,5.518328,4.5932126,7.094681,0,1725508.9
293,2007,28,0.43100357,0,0,3.9679594,63.26061,212.68262,511.7534,2352.093,297.54025,3.9112742,3.0,10.796420447234361,10.853387,5.5427,4.5960546,7.095986,0,1725508.9
294,2008,28,0.4772552,0,1,3.8963327,73.23976,201.64934,492.2367,2167.9985,238.46686,3.7833955,3.3,10.530262646705395,10.846809,5.5421968,4.554597,7.0904355,0,1725508.9
295,2009,28,0.4819672,2,2,2.313608,68.84394,187.40224,492.40347,2115.879,198.01097,2.313608,4.6,11.980651466827377,10.828024,5.5312743,4.461445,7.1274514,0,1725508.9
296,2010,28,0.4282927,1,4,2.9782193,56.531013,184.92535,459.1973,2034.0686,199.32008,2.9782193,4.7,11.53331966,10.872902,5.533323,4.493362,7.1373267,0,1725508.9
297,2000,29,0.40435836,3,2,6.5662823,231.24512,251.55478,892.09814,2246.025,670.4734,6.5662823,4.5,9.914933558385448,10.967077,6.238756,3.3910065,6.272681,0,2347658.5
298,2001,29,0.40186536,3,9,8.685619,237.98598,307.0849,854.6167,2174.9275,709.4221,8.733873,5.3,9.524554005494137,10.931606,6.202085,3.5711136,6.2180715,0,2347658.5
299,2002,29,0.3952716,4,5,8.458758,239.1819,356.52963,885.646,2217.9238,817.18146,8.458758,5.7,10.460773326778185,10.905718,6.1937385,3.8958678,6.378921,0,2347658.5
300,2003,29,0.4032536,3,2,8.923823,236.68515,340.64545,994.66656,2415.3665,944.4304,8.923823,5.3,11.403649435987196,10.888651,6.1687384,3.976524,6.4596696,0,2347658.5
301,2004,29,0.40611622,5,4,7.474371,213.14993,362.76773,1005.6505,2278.727,983.6185,7.474371,4.6,11.501535939773952,10.905718,6.202279,3.985164,6.4741473,0,2347658.5
302,2005,29,0.4238622,5,10,8.650806,197.45674,366.6094,986.0659,2184.2026,1130.9459,8.650806,4.2,11.066396615939068,10.893809,6.2041044,4.1777368,6.5291023,0,2347658.5
303,2006,29,0.4948849,3,11,9.056196,282.02438,413.3392,997.46387,2020.2129,1081.9349,9.056196,4.2,10.331597028125099,10.942651,6.2479744,4.1612406,6.5000916,0,2347658.5
304,2007,29,0.43859902,5,9,7.754377,278.75577,447.38333,1000.8369,2002.2363,898.26215,7.754377,4.8,10.760865067015091,10.948084,6.288577,4.1982923,6.5415792,0,2347658.5
305,2008,29,0.41590732,6,9,6.480156,254.29703,438.80475,950.73706,1953.7474,625.1583,6.480156,6.7,11.323935143456907,10.923002,6.2155366,4.232419,6.4435315,0,2347658.5
306,2009,29,0.37956205,5,9,6.127829,236.7856,449.0206,868.6983,1825.111,487.00528,6.127829,11.7,12.71673757533596,10.864427,6.1950274,4.3650756,6.6131434,0,2347658.5
307,2010,29,0.35032088,3,10,5.8933654,197.61423,425.96347,829.0249,1586.0239,379.89825,5.8560653,14.0,12.83877058,10.849822,6.156882,4.4996467,6.5857496,0,2347658.5
308,2000,30,0.11037528,0,0,1.8329561,37.742233,97.479935,415.9144,1729.7273,178.96317,1.1664265,2.7,5.820218671656751,11.0740795,5.2366796,4.52312,7.031768,0,1274359.0
309,2001,30,0.11235955,0,0,1.389302,36.367023,100.02975,399.54694,1639.3765,174.88861,0.8172365,3.4,6.123471359129676,11.054313,5.275473,4.4932327,6.975903,0,1274359.0
310,2002,30,0.14043583,0,1,0.9685879,33.335567,95.648056,390.50235,1571.3724,156.91124,0.8878722,4.6,6.414231138970569,11.113149,5.287429,4.5665245,6.8601613,0,1274359.0
311,2003,30,0.19791667,0,0,1.3582919,38.35177,80.05932,366.6589,1592.717,154.44577,0.8788947,4.5,6.534102712428849,11.095499,5.2703056,4.573036,7.0236545,0,1274359.0
312,2004,30,0.232,0,1,1.3471001,39.620594,96.59501,394.54187,1562.8739,154.99576,1.0301354,3.9,6.742870274253746,11.091042,5.2677674,4.575336,7.1845913,0,1274359.0
313,2005,30,0.2109589,1,0,1.4931402,28.68401,76.30732,329.43387,1453.2969,105.7772,1.3359675,3.6,7.574857405110941,11.0610285,5.292417,4.5864654,7.2090435,0,1274359.0
314,2006,30,0.17763157,0,0,0.9886721,34.679577,93.92385,366.64523,1579.5938,115.59859,0.9126204,3.4,7.747538776860511,11.112657,5.362817,4.549469,7.048012,0,1274359.0
315,2007,30,0.21136364,0,0,0.91585296,33.581276,83.18998,390.84024,1480.5526,105.552055,0.8395319,3.6,7.09824202024951,11.17128,5.4143786,4.6001973,7.0564423,0,1274359.0
316,2008,30,0.2004717,0,0,1.0668309,32.309734,98.22464,330.10794,1700.5284,107.1403,0.99062866,4.0,7.615572072806634,11.112642,5.3994794,4.6032367,7.0836773,0,1274359.0
317,2009,30,0.18942732,0,0,0.83623546,34.513718,95.86299,373.6452,1729.335,85.676125,0.83623546,6.4,8.42081496466145,11.085061,5.335683,4.7026663,7.2254295,0,1274359.0
318,2010,30,0.20842572,0,0,0.9876506,34.263878,100.43646,413.36975,1699.7466,73.541985,0.9876506,6.1,7.87772886,11.108066,5.3459725,4.790699,7.2797356,0,1274359.0
319,2000,31,0.33483362,1,6,3.5160165,164.88779,208.02895,534.38586,1892.5902,415.48608,3.5160165,3.7,7.879940565937538,11.06379,5.8926287,3.940823,6.783078,0,8530271.0
320,2001,31,0.3245216,2,11,4.0532722,170.2133,209.53969,564.70764,1882.2502,454.88327,4.089462,4.3,7.946753516062718,11.06285,5.8274317,3.9539897,6.7609315,0,8530271.0
321,2002,31,0.32805446,2,5,4.037946,166.22282,197.64496,522.8962,1763.6057,425.89017,4.061769,5.8,8.430945819218886,11.099439,5.805795,4.018074,6.875048,0,8530271.0
322,2003,31,0.32513866,2,12,4.8081045,158.00426,194.83482,514.64484,1685.0511,409.82578,4.8081045,5.9,8.982143220880532,11.10407,5.776612,4.0416584,6.890759,0,8530271.0
323,2004,31,0.3254818,6,19,4.609978,153.7757,189.85583,482.5189,1646.1503,356.40305,4.609978,4.9,8.434825374731252,11.063556,5.7515125,4.121923,7.240259,0,8530271.0
324,2005,31,0.33204693,0,12,4.8935466,155.07967,188.68906,457.43512,1604.52,324.86343,4.8935466,4.5,8.661741748183726,11.167219,5.7716317,4.1609273,7.319316,0,8530271.0
325,2006,31,0.3230274,6,6,4.8942294,153.108,178.33565,451.3007,1543.5277,283.60168,4.8942294,4.6,8.490067120863403,11.206373,5.7485123,4.6185045,7.345981,0,8530271.0
326,2007,31,0.321938,1,8,4.3945575,144.74358,167.51222,429.21332,1527.5297,252.87737,4.3945575,4.2,8.370686110372597,11.060809,5.7347317,4.7385116,7.2744317,0,8530271.0
327,2008,31,0.33099756,3,6,4.342469,146.68538,163.44315,466.60757,1600.0729,233.06125,4.342469,5.5,8.54714605063966,11.099408,5.7028966,4.7131095,7.281258,0,8530271.0
328,2009,31,0.31050777,0,9,3.6876276,134.54639,163.15729,427.08276,1483.1777,179.22565,3.6876276,9.1,9.227831577837613,11.095074,5.6815877,4.936141,7.34437,0,8530271.0
329,2010,31,0.33533594,2,16,4.2370443,134.9687,158.57509,442.34286,1470.4485,177.65892,4.2370443,9.6,9.316792034,11.059425,5.654575,4.95657,7.363129,0,8530271.0
330,2000,32,0.38455382,2,3,7.572617,140.17755,573.8361,1196.9784,3249.2136,411.7821,6.675122,5.0,17.33865697670831,10.701715,5.7026196,5.0405774,6.9460807,0,1894993.1
331,2001,32,0.4103896,1,5,5.5220175,150.3216,593.70056,1090.5706,3146.2114,398.08725,4.90846,4.9,18.220036222203753,10.616266,5.756215,5.258728,7.0890255,0,1894993.1
332,2002,32,0.40389845,4,4,8.357535,121.29423,568.20245,1079.5516,2936.464,408.9144,7.5877624,5.5,18.00411058778766,10.668304,5.7969627,5.2340846,7.209191,0,1894993.1
333,2003,32,0.3871967,1,3,6.310257,105.37041,519.073,1033.4133,2752.3057,392.97668,5.8750668,6.0,17.99288137750731,10.636264,5.8245935,5.2667813,7.348758,0,1894993.1
334,2004,32,0.3729389,0,2,9.072184,110.69138,526.6698,1069.5514,2795.1453,424.1917,8.052235,5.8,16.968097584490753,10.72911,5.836081,5.3533673,7.3424907,0,1894993.1
335,2005,32,0.4215531,1,5,7.630352,100.307335,496.50275,1109.5273,2686.8906,420.14624,7.1004663,5.3,18.293291649003816,10.68047,5.852742,4.616579,7.447388,0,1894993.1
336,2006,32,0.4174941,4,5,7.0602717,108.20634,493.24695,1088.1005,2382.8928,476.466,6.548658,4.2,17.91262555644406,10.675585,5.8279467,4.8504405,7.2841225,0,1894993.1
337,2007,32,0.41502145,2,5,9.57358,119.92709,508.73795,1074.8145,2365.1887,460.2524,9.110342,3.5,17.70906303996146,10.750278,5.8075733,4.856743,7.4303737,0,1894993.1
338,2008,32,0.46096656,1,4,7.6443796,109.671364,488.9345,1055.9436,2395.4426,409.02527,7.4405293,4.0,16.81034702424695,10.660431,5.787701,4.6879153,7.515797,0,1894993.1
339,2009,32,0.40527952,3,5,10.077054,98.327614,484.00394,1117.3824,2350.3965,330.91415,9.568111,6.9,18.2725486803131,10.697859,5.80447,4.7959986,7.599327,0,1894993.1
340,2010,32,0.39281288,3,11,6.9683027,79.2031,461.87088,1031.2107,2182.7961,257.48367,6.821085,8.5,18.26907364,10.716593,5.7892694,4.8408957,7.6754236,0,1894993.1
341,2000,33,0.20809591,14,13,5.1750393,220.3686,326.64716,478.0714,1853.1261,294.79785,4.9521646,4.5,13.408917897133701,10.851025,5.944357,4.09521,7.6565757,0,18912244.0
342,2001,33,0.20232527,8,14,5.2079463,198.30882,309.01022,436.1655,1786.5209,261.95428,5.034348,4.9,13.9065184499633,10.8564,5.903624,4.2869153,7.6742177,0,18912244.0
343,2002,33,0.11898071,11,13,4.8945847,197.36107,288.52203,412.9974,1712.4315,255.0461,4.8030467,6.2,14.059971854791833,10.836852,5.889202,4.2252655,7.7222996,0,18912244.0
344,2003,33,0.08063705,19,18,5.0213633,192.41391,263.3635,405.6498,1674.2644,243.02538,4.9783535,6.4,14.518034892237194,10.834174,5.859409,4.315239,7.8152323,0,18912244.0
345,2004,33,0.07750851,18,14,4.770763,179.80785,251.74493,379.38565,1669.1552,220.03465,4.797595,5.8,14.712216485083424,10.850075,5.8351493,4.4577003,7.8436055,0,18912244.0
346,2005,33,0.09238466,16,10,4.685002,188.574,247.38312,364.69043,1620.0244,191.55975,4.6957226,5.0,13.853909953082974,10.872143,5.818088,4.5177665,7.8453145,0,18912244.0
347,2006,33,0.098840915,12,11,4.7860317,178.75102,235.2148,355.86526,1540.4236,166.88954,4.7704926,4.5,13.833770248629676,10.861822,5.792867,4.4371147,7.804154,0,18912244.0
348,2007,33,0.08745577,0,0,4.1699615,161.24889,234.6537,337.86026,1510.4078,145.5493,4.159589,4.5,13.40588720782845,10.848716,5.7831955,4.3545995,7.8408957,0,18912244.0
349,2008,33,0.08933908,0,0,4.3028727,163.61725,216.80096,337.3174,1533.552,129.16853,4.3028727,5.4,13.360604761540307,10.84152,5.7385206,4.3334293,7.7550645,0,18912244.0
350,2009,33,0.10006752,0,0,4.0208206,144.87825,224.49667,323.1535,1507.921,112.59842,4.0208206,8.4,13.9422029442497,10.840463,5.7108846,4.3269057,7.7693744,0,18912244.0
351,2010,33,0.08948829,0,0,4.486133,147.49846,227.24388,336.57913,1506.1959,105.848915,4.4809527,8.4,14.05340778,10.816292,5.6818595,4.4034624,7.851352,0,18912244.0
352,2000,34,0.49424374,8,5,7.1836944,161.56898,317.04465,1255.7097,2985.941,324.11288,7.01693,3.7,11.98617344106138,10.789608,6.002635,4.4061065,6.8528,0,8533450.0
353,2001,34,0.5151082,19,5,6.3663354,167.71826,309.7821,1284.4744,2990.8035,310.715,6.252876,5.6,12.161099800185317,10.75786,5.9993005,4.4137855,6.869812,0,8533450.0
354,2002,34,0.50905365,15,3,6.795741,151.35405,299.71945,1234.3323,2843.6333,308.36295,6.634528,6.6,13.12549030403997,10.697723,6.008083,4.4103622,6.9363956,0,8533450.0
355,2003,34,0.514024,10,3,6.2112503,150.1134,286.8591,1235.9529,2848.8403,330.1046,5.953471,6.5,13.726298433635614,10.696344,6.0209155,4.2962084,7.0358067,0,8533450.0
356,2004,34,0.4297233,6,4,6.432868,142.46626,285.259,1223.6113,2746.6292,326.33505,6.1789393,5.5,14.19546584364648,10.746046,6.060204,5.043514,7.113396,0,8533450.0
357,2005,34,0.51452315,8,6,6.955144,150.21922,298.75018,1240.013,2628.5808,338.4361,6.8005853,5.2,14.829222684802035,10.757264,6.0692315,3.5480068,7.1896114,0,8533450.0
358,2006,34,0.5152412,8,6,6.0972133,152.611,290.00153,1217.9183,2561.9812,339.64865,5.973011,4.8,14.18871213870483,10.669792,6.0472918,3.5214288,7.1050177,0,8533450.0
359,2007,34,0.5020594,4,2,6.6066422,153.28313,293.37552,1229.6584,2643.7957,316.76935,6.2684183,4.7,14.170086769116224,10.7311,6.0593076,3.6283414,7.0794168,0,8533450.0
360,2008,34,0.53795123,3,9,6.695108,158.4804,286.6613,1234.3455,2594.2158,295.73563,6.4627156,6.4,14.407008770812519,10.679895,6.0797486,3.699438,7.079187,0,8533450.0
361,2009,34,0.5305708,7,4,5.4058805,130.72502,257.86823,1192.0575,2387.0225,220.59088,5.295331,10.8,16.30677763645841,10.659562,6.0882535,3.739474,7.1387954,0,8533450.0
362,2010,34,0.48949012,0,5,5.0422688,101.798744,238.91455,1087.7953,2200.3677,193.95786,4.788037,10.2,15.8019829,10.686316,6.051969,3.954867,7.097897,0,8533450.0
363,2000,35,0.4642857,0,0,0.64665383,9.053153,47.529057,338.3616,1793.171,159.40016,0.48499036,2.9,10.477246677411896,10.727115,5.158767,4.110588,7.0200744,0,625979.44
364,2001,35,0.3,0,1,1.1460512,9.823296,44.859715,354.45724,1896.3872,177.80165,1.3097727,2.8,11.540407306567037,10.693762,5.211496,4.361614,7.098627,0,625979.44
365,2002,35,0.1724138,0,0,0.81934303,9.504379,44.244526,367.55728,1884.6528,166.81825,0.81934303,3.5,11.245483371432785,10.6890545,5.205225,4.197842,7.1276965,0,625979.44
366,2003,35,0.18867925,0,0,1.47726,8.69942,46.944042,321.55026,1695.0739,176.94293,1.31312,3.6,10.679441136111457,10.776996,5.3150244,4.3081727,7.1444902,0,625979.44
367,2004,35,0.25581396,0,0,1.3121401,7.052753,54.12578,334.59573,1560.7906,153.6844,1.3121401,3.5,11.091684148199661,10.720422,5.382894,4.3984103,7.164873,0,625979.44
368,2005,35,0.037037037,0,0,1.9683586,8.857614,75.45375,335.11307,1596.3389,176.00407,1.8043288,3.4,11.578541610281393,10.760495,5.425749,4.320759,7.137058,0,625979.44
369,2006,35,0.13157895,0,0,1.2581247,11.952185,123.13896,404.80164,1515.4113,168.43144,1.2581247,3.2,11.175135680889243,10.700725,5.3676243,4.2518644,7.087545,0,625979.44
370,2007,35,0.28767124,0,0,2.1953588,11.4472275,135.6418,360.9797,1488.9236,153.20468,2.0385473,3.2,11.328364504813324,10.812532,5.402879,4.585439,7.060342,0,625979.44
371,2008,35,0.1369863,0,0,0.78294677,11.431024,133.41414,360.7819,1523.3013,141.2436,0.78294677,3.3,11.063664535485497,10.8249445,5.426569,5.338515,7.1117754,1,625979.44
372,2009,35,0.21495327,0,0,1.875806,16.725937,204.46286,379.22543,1480.9489,142.71758,1.875806,4.3,11.397241001993045,10.837658,5.447975,5.340745,7.173224,1,625979.44
373,2010,35,0.13333334,0,1,1.502221,13.519989,176.6612,295.33667,1362.5145,129.04079,1.502221,3.8,11.91035947,10.847004,5.4088755,5.458575,7.126745,1,625979.44
374,2000,36,0.30224216,0,5,3.78143,141.2156,159.54378,801.8441,2653.1255,353.04807,3.274827,4.0,9.846020709752715,10.904028,6.0273805,5.0303497,6.944952,0,11286245.0
375,2001,36,0.34065935,2,9,4.081497,155.30458,161.68869,875.0838,2672.622,381.322,3.9370193,4.4,10.335921652594532,10.84856,6.0134244,4.9849353,7.0553336,0,11286245.0
376,2002,36,0.35140732,0,10,4.7293177,160.67992,152.14737,891.59326,2580.8499,384.52228,4.4505935,5.7,10.321331056547534,10.853812,6.017151,5.130757,7.1339273,0,11286245.0
377,2003,36,0.3570879,1,8,4.723962,151.73257,144.62866,853.93243,2527.077,368.3702,4.328801,6.2,10.74964422102321,10.851122,5.9968185,5.062597,7.1954913,0,11286245.0
378,2004,36,0.3183774,0,2,4.5365705,156.26065,144.41714,865.3374,2529.7925,364.45874,4.3034663,6.2,11.77788735677527,10.81372,5.995732,5.088425,7.2465262,0,11286245.0
379,2005,36,0.3352434,2,1,5.2888207,167.38669,145.46947,898.0507,2501.442,371.7503,5.037826,5.9,12.93001025672653,10.807057,6.0186906,5.1565924,7.271297,0,11286245.0
380,2006,36,0.36112112,7,3,4.6959376,169.09732,144.7464,921.789,2463.3896,330.9721,4.451993,5.5,12.857529434990711,10.812471,6.05994,5.1556897,7.3198147,0,11286245.0
381,2007,36,0.370716,7,2,4.6146855,159.84782,143.91014,857.59875,2310.3784,294.72052,4.3006425,5.6,12.724188445612528,10.851877,6.092548,5.172662,7.313334,0,11286245.0
382,2008,36,0.39629865,3,10,4.8021684,163.8838,143.56828,894.33636,2277.9797,250.46228,4.104939,6.6,12.9799216191971,10.769074,6.110275,5.321383,7.2600265,0,11286245.0
383,2009,36,0.39779288,2,9,4.5778885,153.4939,138.89157,903.49445,2169.7366,196.84052,4.4562745,10.4,14.76119667216187,10.750128,6.1054306,5.3238316,7.283579,1,11286245.0
384,2010,36,0.39759696,3,5,4.1294985,142.9622,136.30815,924.11414,2140.5898,183.20746,4.094797,10.4,14.44098691,10.738417,6.106183,5.269005,7.2893553,1,11286245.0
385,2000,37,0.3957935,3,12,5.451911,78.33378,388.1641,948.42285,2879.208,369.8912,5.4219556,3.1,13.991670558392514,10.622863,6.543048,4.1272883,5.8461146,0,3490586.0
386,2001,37,0.41114348,6,18,5.526248,82.02744,397.56128,1032.7512,2823.9727,375.4563,5.526248,3.7,14.566323939707138,10.6886215,6.5227914,4.1420245,6.917304,0,3490586.0
387,2002,37,0.41335133,7,12,4.8231773,87.76408,381.26773,1040.7114,2964.4785,377.92404,4.8231773,4.8,14.756111453862463,10.696163,6.509891,4.2204103,7.046296,0,3490586.0
388,2003,37,0.43920594,9,12,6.064542,94.913025,377.6208,1025.8496,3044.1646,381.47736,6.064542,5.6,14.828747342346931,10.658693,6.5100193,4.245235,7.010802,0,3490586.0
389,2004,37,0.43786407,5,11,5.4510255,90.55736,375.18295,1032.8813,2967.9075,379.72546,5.4510255,5.0,14.202558934084209,10.730422,6.527081,4.235271,7.08679,0,3490586.0
390,2005,37,0.449226,2,11,5.446344,94.07321,382.87506,1039.5236,2732.3171,404.83517,5.446344,4.5,16.368913783502297,10.646472,6.6553555,4.240516,7.1123686,0,3490586.0
391,2006,37,0.40509555,7,7,5.811335,87.728806,364.99655,962.67,2287.0117,375.30606,5.811335,4.0,16.112177764267667,10.645401,6.597427,4.362879,7.1228595,0,3490586.0
392,2007,37,0.445167,13,10,6.2343984,94.57834,362.74133,958.11237,2253.106,378.64883,6.2343984,4.3,15.45781311286861,10.7242365,6.5829372,4.441129,7.1725135,1,3490586.0
393,2008,37,0.48329258,8,11,5.878764,102.0742,384.97586,974.46063,2213.7708,303.0614,5.878764,3.9,15.369003383062504,10.751371,6.5753675,4.5063114,7.210769,1,3490586.0
394,2009,37,0.47498512,5,8,6.4818635,93.01751,372.09775,1054.577,2321.6428,289.91104,6.4818635,6.4,15.947350649141997,10.750107,6.5946927,4.6442313,7.272662,1,3490586.0
395,2010,37,0.4548996,6,11,5.247455,89.79876,349.9649,1008.48016,2165.1807,274.21317,5.247455,6.8,15.77866718,10.678215,6.560241,4.697102,7.2837844,1,3490586.0
396,2000,38,0.2718144,0,1,2.093359,86.36601,231.94418,766.1096,3416.063,416.63824,2.0335488,5.1,10.804124993869449,10.893196,5.7569957,4.8100667,7.048711,0,3581658.2
397,2001,38,0.23754093,5,6,2.4739666,80.9635,195.64954,784.8365,3623.5955,437.12634,2.4739666,6.4,11.271450984388387,10.836223,5.8172517,4.8423066,7.0964303,0,3581658.2
398,2002,38,0.25091174,2,2,2.0904994,79.61319,181.35083,746.07605,3452.9534,479.76962,2.0904994,7.6,11.502305501526791,10.8329315,5.860457,4.7570596,7.213205,0,3581658.2
399,2003,38,0.2507903,4,3,1.9527116,81.75544,183.00928,820.19635,3512.7847,544.86395,1.9239953,8.1,12.154280300843945,10.806916,5.900249,5.1264696,7.169631,0,3581658.2
400,2004,38,0.23809524,1,5,2.5613594,78.29222,187.83302,855.8356,3354.4702,527.49774,2.5613594,7.3,13.154345531381065,10.7646675,5.927412,4.74792,7.0523357,0,3581658.2
401,2005,38,0.23284908,3,6,2.2471223,69.60461,185.94936,775.84705,3182.9363,541.05084,2.2471223,6.2,13.969179033563298,10.806065,5.931454,4.7261796,7.091376,0,3581658.2
402,2006,38,0.24557522,8,5,2.3778913,73.28229,174.61287,653.83905,2671.1555,394.13547,2.3238482,5.4,13.169139943762872,10.83809,5.9145393,4.742557,7.0541,0,3581658.2
403,2007,38,0.2669462,0,3,2.005693,77.571526,179.26558,619.5965,2570.946,395.0402,2.005693,5.2,12.919020419580116,10.874759,5.935016,4.7029963,7.0017385,0,3581658.2
404,2008,38,0.2315512,3,2,2.2754505,71.101135,158.58551,563.5889,2479.5183,304.26788,2.2754505,6.4,13.424488773194874,10.8663,5.9381976,4.4543467,7.063777,0,3581658.2
405,2009,38,0.22809124,4,2,2.3608906,67.04393,165.77208,529.56384,2282.1226,267.66595,2.3608906,11.2,14.401781184614398,10.817957,5.956894,4.753205,7.2026734,0,3581658.2
406,2010,38,0.25606695,4,5,2.3913186,62.80496,156.61823,516.0255,2283.026,234.19154,2.5752661,10.6,14.32751919,10.830243,5.9087977,4.941814,7.2621126,0,3581658.2
407,2000,39,0.39074636,14,11,5.0811324,153.23581,249.6676,456.45786,1906.429,306.59824,4.870122,4.2,9.587708319037374,10.885566,5.739806,4.8288035,7.2538676,0,12172547.0
408,2001,39,0.38725713,9,6,5.491896,147.63162,243.07758,458.45944,1884.2013,301.27817,5.1207085,4.8,10.17343847291875,10.888763,5.7717357,4.8043456,7.3556533,0,12172547.0
409,2002,39,0.3798287,7,10,5.2447896,144.25693,235.84743,467.40826,1785.5903,275.83054,5.017852,5.6,10.174454815044678,10.849454,5.821911,4.8093085,7.3396983,0,12172547.0
410,2003,39,0.3942714,5,13,5.4269314,150.81332,226.6981,452.25546,1788.9497,280.50607,5.2591743,5.7,10.731467302151657,10.83756,5.8376684,4.8859987,7.3771114,0,12172547.0
411,2004,39,0.4106853,10,19,5.435745,154.49223,236.99011,455.2896,1791.2786,258.98398,5.3939314,5.5,11.387667867297246,10.837834,5.8364487,4.9038477,7.389626,0,12172547.0
412,2005,39,0.41474965,10,11,6.310967,160.3954,243.79866,468.59763,1794.0844,245.3764,6.2358365,5.0,11.827920635751443,10.853407,5.8686795,4.98465,7.5023623,0,12172547.0
413,2006,39,0.42198178,5,28,6.0206,169.38062,237.53638,464.1167,1748.2006,238.6376,5.8759127,4.7,11.597958011903103,10.867101,5.877375,5.005511,7.4117627,0,12172547.0
414,2007,39,0.41778395,12,25,5.926961,156.9798,225.81319,452.0457,1704.5698,213.80605,5.846322,4.3,11.231970043607111,10.838286,5.915364,5.0553145,7.392479,0,12172547.0
415,2008,39,0.4140836,13,18,5.6930017,151.97174,225.33658,472.56747,1764.4843,181.08899,5.6607924,5.5,11.710029571399904,10.859999,5.9840283,5.0694747,7.3473926,0,12172547.0
416,2009,39,0.4208181,12,30,5.304957,139.84633,210.87202,437.595,1634.5338,142.38696,5.304957,8.2,12.122680958944429,10.798902,6.0183167,5.0977483,7.402974,0,12172547.0
417,2010,39,0.4055739,11,18,5.1883745,129.21184,205.95555,435.68918,1612.4473,131.63625,5.1646833,9.0,12.35017878,10.788494,6.0034804,5.099511,7.4422183,0,12172547.0
418,2000,40,0.23861171,0,0,4.457639,91.33207,172.56017,655.76825,2183.0544,462.10858,4.457639,4.2,10.537660611211654,10.886053,5.785383,5.4605937,7.28525,0,1042039.56
419,2001,40,0.27991885,0,0,3.823147,96.657,180.08003,668.9527,2340.4521,494.36234,3.823147,4.5,10.499832369704205,10.938627,5.7611494,5.4764237,7.427814,0,1042039.56
420,2002,40,0.27183408,0,0,3.97764,88.866295,164.82951,622.3551,2333.3223,473.0481,3.97764,5.1,11.267198441541307,10.847549,5.833333,5.455976,7.594609,0,1042039.56
421,2003,40,0.3325301,0,0,2.4103448,80.023445,165.25323,532.5898,2151.9558,422.96732,2.4103448,5.4,11.519809177821742,10.878122,5.829097,5.4368625,7.6309958,0,1042039.56
422,2004,40,0.29001367,0,0,2.5072277,70.49167,153.9052,526.99994,2085.1455,393.249,2.5072277,5.2,11.81482774382306,10.921088,5.8013964,5.399258,7.67811,0,1042039.56
423,2005,40,0.25515464,0,0,3.2924616,75.14559,152.71211,515.0766,1894.8116,426.1801,3.2924616,5.1,11.860705632627134,10.919913,5.8688526,5.392204,7.726525,0,1042039.56
424,2006,40,0.23108108,0,1,2.5290134,69.3137,131.5087,510.76703,1765.8134,338.0448,2.5290134,5.2,11.01385337342288,10.970093,5.9250417,4.844461,7.6608357,0,1042039.56
425,2007,40,0.25823453,0,0,1.7889677,71.464554,130.50049,489.42392,1801.8671,300.54657,1.7889677,5.0,11.409094546943924,10.950894,5.9357395,4.822078,7.6300073,0,1042039.56
426,2008,40,0.24431819,0,0,2.9403229,83.46723,138.76427,546.9,1984.8127,303.80176,2.9403229,7.7,11.58800196527384,10.895164,5.949769,4.8486567,7.6699886,0,1042039.56
427,2009,40,0.29044586,0,0,3.0263453,74.240036,148.0072,544.08014,1835.0055,227.16504,3.0263453,11.6,11.573784662292967,10.868301,5.850656,4.8029995,7.6456523,0,1042039.56
428,2010,40,0.2551282,1,0,2.7518253,74.01461,151.44528,580.8249,1745.0367,227.64236,2.7518253,12.0,12.24268062,10.857344,5.7637715,4.788768,7.701007,0,1042039.56
429,2000,41,0.48376206,0,1,7.5058517,160.43436,646.22546,1039.9603,3234.0935,402.01447,7.4026785,3.6,13.024613261627943,10.769916,6.331015,4.584136,7.0296035,0,4183317.2
430,2001,41,0.47469518,0,3,8.40126,152.41924,637.17194,1084.8064,3226.644,425.18015,8.40126,5.2,14.021831057270628,10.746627,6.353932,4.669108,7.0999436,0,4183317.2
431,2002,41,0.5103914,3,2,7.5027084,145.37128,647.80096,1101.3623,3101.6902,424.65833,7.7041235,5.9,14.291904199980914,10.732629,6.3920336,4.8734603,7.1964073,0,4183317.2
432,2003,41,0.51249784,6,0,7.5588374,144.71556,633.6202,1097.4783,3188.4075,393.9077,7.5338907,6.7,14.138992299715133,10.728014,6.383016,5.1985826,7.2526245,0,4183317.2
433,2004,41,0.50182885,4,4,7.044616,134.68518,631.4045,1077.3583,3226.508,387.35535,7.0199847,6.8,15.322852783781027,10.706856,6.3579593,5.2912903,7.2467628,0,4183317.2
434,2005,41,0.5235991,4,1,7.632547,137.50739,601.78015,1038.9258,3074.6282,398.0592,7.681162,6.7,15.592879951948985,10.712883,6.3332105,5.3498483,7.255355,0,4183317.2
435,2006,41,0.54299253,5,2,8.400349,136.71973,583.8127,993.55536,2896.9634,386.53177,8.377208,6.5,15.213309855553337,10.665251,6.3035502,5.3213882,7.0965657,0,4183317.2
436,2007,41,0.53769714,6,1,8.404655,146.38878,602.54913,1044.7633,2920.0637,393.65652,8.404655,5.9,14.917363071652229,10.747057,6.32735,5.3431597,7.1795077,1,4183317.2
437,2008,41,0.56519103,9,2,6.9722414,149.801,548.83124,1044.0194,2869.7473,401.27863,6.9722414,7.0,15.446444894876993,10.661674,6.31439,5.443859,7.138828,1,4183317.2
438,2009,41,0.55240744,8,2,6.9053473,130.2507,522.4971,1028.8514,2699.8774,308.29544,6.8827066,11.8,17.05475849736929,10.640149,6.309722,5.6563144,7.2582636,1,4183317.2
439,2010,41,0.5469691,7,3,6.1067944,108.65732,456.26477,1006.66144,2640.1853,287.8263,5.8450747,11.3,16.53789691,10.638473,6.242682,5.3228292,7.190487,1,4183317.2
440,2000,42,0.22137405,0,0,0.9636219,18.033495,112.33078,398.66415,1728.7377,109.8529,0.9636219,2.7,11.602282957933774,10.740324,5.886435,4.3064713,6.722778,0,761746.56
441,2001,42,0.33009708,0,0,0.96158075,14.148973,97.53176,424.0571,1726.8616,111.95547,1.3736868,3.1,11.855740911688425,10.796633,5.94871,4.2719946,6.8420415,0,761746.56
442,2002,42,0.20512821,0,0,1.5028082,15.984414,117.6289,414.50183,1658.4171,111.8909,1.2295704,3.3,12.615528380532895,10.734242,5.988094,4.3531823,6.889177,0,761746.56
443,2003,42,0.24038461,0,0,1.3598984,14.142944,116.81528,391.37878,1573.6746,118.855125,1.3598984,3.6,12.590892215805013,10.75477,6.0198216,4.3646317,6.909574,0,761746.56
444,2004,42,0.17857143,0,0,2.292712,15.104925,115.17506,424.5563,1468.6842,114.230995,2.1578465,3.7,13.170011328693965,10.76741,6.0340652,4.2215343,6.9920874,0,761746.56
445,2005,42,0.089655176,0,1,2.412762,19.436138,113.53385,335.77603,1387.3381,112.46151,2.1446772,3.7,13.505568788512038,10.782969,6.1402907,4.294026,7.0033107,0,761746.56
446,2006,42,0.087248325,0,0,3.7088242,19.055683,174.18684,385.97348,1319.574,105.50965,3.0693717,3.2,13.120156947202972,10.802103,6.0628176,3.8727436,6.9422784,0,761746.56
447,2007,42,0.21666667,0,0,3.9328074,15.22377,161.6257,336.1916,1356.438,99.3351,3.4253483,3.0,12.866623278921042,10.795711,6.040372,4.401775,6.92038,1,761746.56
448,2008,42,0.19402985,0,0,4.6496606,16.839312,186.99176,325.6019,1287.3276,111.21486,4.021328,3.0,12.346482657394155,10.8638525,6.040201,4.4334593,6.9402833,1,761746.56
449,2009,42,0.21367522,0,0,3.7664168,14.689026,141.74283,329.0593,1367.3348,108.7239,3.2642279,4.8,13.918542446890383,10.748969,6.0664077,4.4972258,7.039887,1,761746.56
450,2010,42,0.116883114,1,2,2.848075,19.06972,200.47972,393.90115,1375.2488,98.44433,2.848075,4.6,13.33344891,10.729175,6.05263,4.6231327,7.0988317,1,761746.56
451,2000,43,0.54992074,7,5,7.3989363,170.80716,508.39716,1016.7943,2781.1157,496.81152,7.579398,4.0,12.80476173890886,10.672878,5.991494,4.5114684,7.082404,0,5885931.5
452,2001,43,0.55592525,15,9,7.564352,182.74258,535.3701,1067.6824,2950.902,505.57767,7.4928217,4.7,13.387830048503055,10.693489,6.0480804,4.548796,7.206454,0,5885931.5
453,2002,43,0.563476,21,12,7.440587,166.75772,521.532,1085.0502,2863.0315,470.19196,7.5291653,5.3,13.812032350254647,10.711725,6.092886,4.6550446,7.30039,0,5885931.5
454,2003,43,0.57155,24,5,6.960482,165.45207,500.43405,1113.0269,2931.2947,465.31528,6.9780593,5.7,13.76071514384733,10.702863,6.101457,4.729164,7.3716507,0,5885931.5
455,2004,43,0.5454135,16,10,6.2104464,154.1826,515.11914,1050.4874,2954.3633,431.02585,6.1930504,5.5,15.252352010888634,10.690717,6.109877,4.7013574,7.425487,0,5885931.5
456,2005,43,0.5664902,26,5,7.417491,172.25446,558.80725,1058.55,2914.6265,434.1728,7.417491,5.5,15.560261522495994,10.692172,6.117677,5.253962,7.4870872,0,5885931.5
457,2006,43,0.58675164,14,11,6.955021,184.4902,534.5761,1043.4187,2719.413,374.90872,6.9384613,5.2,15.683654525574026,10.692059,6.055205,5.2543807,7.2816153,0,5885931.5
458,2007,43,0.58105165,28,12,6.668153,181.60426,540.28503,1016.2759,2774.7253,357.19894,6.668153,4.7,15.563353544147946,10.676347,6.069525,5.2919097,7.2420015,0,5885931.5
459,2008,43,0.59737253,22,2,6.7056155,175.92476,515.3233,1062.2379,2719.355,313.34106,6.7056155,6.4,15.28385587223133,10.601722,6.093923,5.2682323,7.264145,1,5885931.5
460,2009,43,0.5926655,13,5,7.5986943,156.73119,483.7348,1036.4099,2570.3882,243.80768,7.5986943,10.3,17.139845035349353,10.625854,6.0818033,5.361231,7.2751207,1,5885931.5
461,2010,43,0.56287354,25,12,5.663577,132.72124,445.15396,1019.04724,2428.2307,235.3478,5.695306,10.0,16.49033694,10.563233,6.076478,4.9706182,7.373101,1,5885931.5
462,2000,44,0.4359983,18,27,6.101314,149.1175,366.18726,931.3375,3141.9402,459.1313,6.0914574,4.4,14.987720243021549,10.797185,6.7113166,4.5942597,6.6073613,0,22486206.0
463,2001,44,0.4486251,20,24,6.4148126,170.23334,372.29993,984.19214,3224.864,494.4366,6.3714695,5.0,15.321404510720996,10.826178,6.6599565,4.2879252,6.6668663,0,22486206.0
464,2002,44,0.45558807,23,35,6.1370244,177.13469,370.61594,1002.10724,3247.5889,483.9859,6.1275973,6.4,15.749088849875474,10.792592,6.6380534,4.3829885,6.7713237,0,22486206.0
465,2003,44,0.45038766,31,34,6.599275,171.79,351.69217,1020.41406,3242.2954,455.7955,6.5899935,6.7,16.536066454236835,10.748389,6.652356,4.419124,6.925006,0,22486206.0
466,2004,44,0.4411034,30,23,6.224853,163.45715,346.77087,1004.54706,3178.6318,429.33688,6.211162,6.0,16.475442589787114,10.7744465,6.642717,4.3574114,6.888103,0,22486206.0
467,2005,44,0.44794634,23,26,6.3178697,160.70828,338.49323,987.09644,3040.1301,419.49847,6.3043985,5.4,17.45219220423378,10.742076,6.631839,4.331545,6.8968077,0,22486206.0
468,2006,44,0.4550773,32,23,5.89592,158.51772,317.0184,917.4791,2760.7026,405.9762,5.891666,4.9,16.431753687704195,10.754322,6.5960073,4.3090863,6.8632545,0,22486206.0
469,2007,44,0.46079645,41,43,6.0721803,165.79617,313.9702,976.428,2834.8145,401.86288,6.067904,4.3,16.194209705738725,10.787813,6.599334,4.361998,6.8335314,0,22486206.0
470,2008,44,0.47597975,43,42,5.745201,158.26141,320.48157,964.74927,2744.6208,358.06442,5.7410073,4.8,15.750841787270806,10.759562,6.5839863,4.3858314,6.8864403,1,22486206.0
471,2009,44,0.5012624,47,53,5.583768,159.62859,310.76398,1007.8407,2848.3723,321.4613,5.583768,7.5,17.393969917010097,10.784338,6.5778036,4.4622993,7.0337563,1,22486206.0
472,2010,44,0.49566117,48,49,5.0384617,132.48856,288.49933,922.15955,2640.759,274.40454,5.0344276,8.2,16.62237338,10.767727,6.5517936,4.4845867,7.0652328,1,22486206.0
473,2000,45,0.27697262,1,0,1.9610624,56.64278,162.49454,654.3564,3349.221,294.66104,2.3715174,3.3,9.049801408225242,11.005494,5.5485063,5.242556,6.740052,0,2449745.5
474,2001,45,0.28153718,0,2,3.0054345,53.694103,141.4797,619.2092,3170.3296,292.15515,3.7680073,4.4,9.62972598960658,10.973409,5.4785233,4.6891155,6.6748347,0,2449745.5
475,2002,45,0.3254386,0,4,2.0651524,50.09093,147.54855,664.53973,3286.4485,339.30017,2.1530313,5.8,9.87384554680624,10.968302,5.4993086,4.909401,6.7355604,0,2449745.5
476,2003,45,0.34499204,0,1,2.597903,54.469368,158.1257,734.3839,3261.2776,337.814,2.4680078,5.6,10.191790193348934,10.975328,5.5195737,4.9481406,6.8049126,0,2449745.5
477,2004,45,0.2815534,0,2,1.9578867,52.607563,144.62823,648.01794,3187.4822,325.51996,2.1707006,5.0,10.687167159259612,10.9805355,5.540904,5.0920167,6.8867226,0,2449745.5
478,2005,45,0.30502284,1,3,2.3070426,45.110924,145.87926,616.7631,2969.576,349.88773,2.2658455,4.1,10.495437411168558,11.022197,5.5718517,5.1202745,6.821666,0,2449745.5
479,2006,45,0.29492345,1,0,2.0391653,48.665462,139.36911,577.16223,2604.328,323.83514,1.9999506,2.9,10.572719183800556,10.9865465,5.5300264,5.0738306,6.821353,0,2449745.5
480,2007,45,0.3274895,0,5,2.2898161,55.343693,150.31285,604.0458,2656.0703,343.58887,2.251006,2.7,9.872794887577786,10.938254,5.531875,5.0268025,6.7600207,0,2449745.5
481,2008,45,0.31575245,0,4,1.5017834,53.388397,140.86728,553.9328,2639.6846,272.7614,1.5017834,3.4,9.820011263375259,11.056083,5.504383,5.023518,6.730802,0,2449745.5
482,2009,45,0.31825152,0,0,1.4706903,49.17385,140.05496,575.3793,2622.9573,261.59433,1.4706903,6.0,12.121542369455497,10.993009,5.5067916,5.229074,6.8481274,0,2449745.5
483,2010,45,0.2768139,1,4,1.9478319,46.60096,132.67308,551.89795,2459.1929,218.63495,1.9478319,7.3,11.26795037,10.9470625,5.522132,5.460656,6.8928766,0,2449745.5
484,2000,46,0.23076923,0,0,1.5304378,19.895693,72.270676,595.34033,2241.9214,137.56935,1.7004865,2.7,9.052709980325371,10.822375,5.6649466,5.4221096,7.3316417,0,608010.25
485,2001,46,0.25233644,0,0,1.1817917,18.06453,71.41398,531.8062,2097.8489,127.97115,1.1817917,3.3,9.093717764522953,10.824547,5.7077346,5.3029356,7.3699756,0,608010.25
486,2002,46,0.20779221,0,0,2.181845,12.923236,74.18273,585.57367,1793.141,129.06453,2.181845,4.0,9.565376468969129,10.86117,5.745165,5.430916,7.351481,0,608010.25
487,2003,46,0.2580645,0,0,2.5068855,10.3617935,84.23135,504.21826,1693.3176,109.30021,2.5068855,4.5,9.371741048747225,10.845154,5.783494,5.4372044,7.500997,0,608010.25
488,2004,46,0.15384616,0,0,2.6638608,12.986321,76.4195,571.8976,1754.3187,97.73039,2.6638608,3.7,8.874818524487539,10.908357,5.7919607,5.470598,7.5763326,0,608010.25
489,2005,46,0.28947368,0,2,1.3282638,12.618506,90.48797,528.815,1808.7632,111.242096,1.3282638,3.5,10.41823706188049,10.944277,5.843592,5.2996125,7.6407247,0,608010.25
490,2006,46,0.42477876,0,0,2.2439206,18.111645,96.648865,549.6003,1719.6445,98.732506,2.2439206,3.6,9.888316867230424,10.936886,5.8721747,5.3090725,7.5712957,0,608010.25
491,2007,46,0.34567901,0,0,2.0947843,13.052116,92.00937,510.16052,1727.3912,103.93352,2.0947843,3.9,9.766367112533416,10.816433,5.845396,5.325584,7.6197567,0,608010.25
492,2008,46,0.24731183,0,1,2.7386756,14.982166,98.43122,566.2615,1901.2853,94.403755,2.7386756,5.0,10.069465700504884,10.846362,5.831544,5.3645787,7.623319,0,608010.25
493,2009,46,0.3243243,0,0,1.2894615,17.89128,94.45306,559.46515,1787.5161,72.37103,1.2894615,7.0,11.143687924514921,10.881475,5.880046,5.5658565,7.708267,0,608010.25
494,2010,46,0.25675675,0,0,1.120043,11.840455,96.3237,538.5807,1675.9043,70.562706,1.120043,6.1,11.26123243,10.932071,5.8070993,5.5999646,7.717691,0,608010.25
495,2000,47,0.4805401,3,2,5.8564796,91.9365,169.86711,444.47903,2134.5918,260.1533,5.7688513,2.3,9.068605078604616,10.997322,6.0881243,5.014759,6.611885,0,7382067.5
496,2001,47,0.46953353,5,5,5.2326846,98.61598,171.71544,454.32355,2257.8171,270.8633,5.3045626,3.2,8.91632246909122,11.032855,6.120643,5.049337,6.6580224,0,7382067.5
497,2002,47,0.46774888,5,2,5.493224,98.55241,170.85626,449.60907,2230.5322,261.60773,5.436593,4.2,9.798991880080083,11.004613,6.2048416,4.2902994,6.5802,0,7382067.5
498,2003,47,0.4915835,2,4,5.8165874,93.86238,161.55013,406.9514,2144.4053,251.35767,5.7746406,4.1,10.127601384795216,11.081296,6.195044,5.0889645,6.765573,0,7382067.5
499,2004,47,0.49007103,1,4,5.3990307,95.50747,159.24371,398.13007,2134.057,241.64124,5.385187,3.7,9.760298270136758,10.985835,6.199162,5.142332,6.8000646,0,7382067.5
500,2005,47,0.51807874,4,3,6.2460723,102.21465,159.80672,406.79932,2108.172,218.08066,6.2460723,3.5,9.939955879272423,10.967854,6.1779675,5.1400547,6.833684,0,7382067.5
501,2006,47,0.5001934,4,2,5.2728786,101.466934,152.28545,419.16113,1867.9205,192.5582,5.2597947,3.0,9.33130739652728,11.03114,6.173845,5.113399,6.8479185,0,7382067.5
502,2007,47,0.5396929,6,5,5.4343243,100.62012,145.3911,417.95847,1902.4194,184.12538,5.4343243,3.0,9.678793459535367,11.038287,6.211612,5.094476,6.868571,0,7382067.5
503,2008,47,0.5618474,8,3,4.8059826,97.02889,135.13904,418.04254,1963.5815,173.3401,4.8059826,4.2,9.960749411137254,11.047216,6.2089367,5.1055713,6.874715,0,7382067.5
504,2009,47,0.53721225,11,10,4.791672,82.13185,128.35207,413.8451,1947.4133,151.39095,4.791672,6.8,10.432312448117196,11.026793,6.201136,5.191592,6.9453554,0,7382067.5
505,2010,47,0.5237759,6,4,4.6543765,71.35449,120.19392,386.33847,1829.1952,133.04706,4.7300577,7.0,10.401901,11.008132,6.156705,5.297267,7.0037937,0,7382067.5
506,2000,48,0.2512044,4,4,3.404114,100.9424,226.52989,928.76733,3311.1956,608.1901,3.3520103,5.0,9.85760208998706,10.89379,5.556993,5.5686765,7.0167456,0,6189167.5
507,2001,48,0.23272666,6,11,3.0601895,101.447845,214.46971,906.49994,3335.9998,668.0616,3.0089014,6.2,10.02606973710237,10.865287,5.5574408,5.3924317,7.0558414,0,6189167.5
508,2002,48,0.19820596,10,11,3.1027062,97.752106,206.54918,926.5625,3263.3386,682.8146,3.035256,7.3,10.505678711068416,10.910715,5.6015506,5.3227854,7.140472,0,6189167.5
509,2003,48,0.21563484,5,13,3.0383873,95.45878,208.83069,972.80145,3216.233,678.09454,3.0049982,7.4,11.205655406826688,10.938805,5.5968714,5.2804737,7.1201134,0,6189167.5
510,2004,48,0.21275145,2,10,3.1337373,96.750015,204.79799,1000.0251,3248.729,713.0572,3.117244,6.2,11.797218164857014,10.961695,5.613203,5.3364305,7.1089363,0,6189167.5
511,2005,48,0.19177608,2,12,3.3353193,94.16989,210.54814,981.7716,3221.9348,801.8921,3.3353193,5.5,11.910327743121188,10.943128,5.644749,5.0619817,7.106905,0,6189167.5
512,2006,48,0.19672386,4,7,3.0801473,100.22205,199.66234,913.8187,2850.8875,718.62805,3.064512,5.0,11.521736615196415,10.988288,5.6152096,5.066867,7.0297227,0,6189167.5
513,2007,48,0.22965403,3,6,2.7309582,95.26964,200.94516,825.40857,2670.312,591.55066,2.7309582,4.5,11.341151616837141,11.019858,5.6309767,5.3770514,7.0496497,0,6189167.5
514,2008,48,0.24589652,1,3,2.9908185,99.13091,194.04678,817.53174,2578.3645,445.44598,2.9908185,5.6,11.26835033735038,10.956876,5.6268644,5.366587,7.0857024,0,6189167.5
515,2009,48,0.26776934,3,17,2.9385586,103.792984,199.94571,820.4301,2604.8157,367.27344,2.8921604,9.0,12.42339061718237,11.024986,5.6418834,5.4358797,7.1602607,0,6189167.5
516,2010,48,0.22617643,2,16,2.28295,89.05007,187.11179,828.53064,2528.6675,386.43436,2.3129888,9.2,12.23329286,10.937614,5.612686,5.459479,7.157466,0,6189167.5
517,2000,49,0.2977303,1,4,2.6059415,42.431526,260.4242,560.2774,1594.0997,187.79773,3.3424032,5.5,15.521553684942813,10.525085,5.3865385,4.1857076,7.141766,0,1789705.4
518,2001,49,0.26874116,0,0,2.2743464,40.199074,225.61517,545.9,1607.2806,182.85745,2.2743464,5.2,16.81611965791555,10.506245,5.479218,4.591379,7.2059174,0,1789705.4
519,2002,49,0.35159817,0,0,3.2421439,37.369972,180.82062,550.425,1565.5573,221.71713,4.3228583,5.9,16.315263785367804,10.479595,5.5547466,4.7359934,7.2947717,0,1789705.4
520,2003,49,0.3067047,0,0,4.133177,39.68982,200.54399,594.38477,1608.4851,196.0711,3.6802258,6.0,16.43198150148681,10.567206,5.5961695,4.578676,7.3110504,0,1789705.4
521,2004,49,0.31524548,0,0,3.8409333,43.71886,221.53148,620.9885,1782.9839,212.71992,3.7279649,5.3,16.3146470041002,10.558985,5.656712,4.6931925,7.310572,0,1789705.4
522,2005,49,0.28308824,0,0,4.6281924,46.05616,210.80852,639.7065,1840.1581,215.60603,4.402427,5.0,17.945929166078738,10.614058,5.703171,4.4806356,7.3071294,0,1789705.4
523,2006,49,0.2590432,0,1,4.5092854,47.12753,208.74692,638.5038,1783.2573,218.15042,4.1243463,5.0,17.09360066429471,10.634557,5.7534137,4.5406113,7.25406,0,1789705.4
524,2007,49,0.3290398,0,1,3.6488543,47.213963,206.98955,604.1065,1749.4044,194.66084,3.3724258,4.6,16.70561542072118,10.697859,5.8135633,4.5442796,7.2551107,0,1789705.4
525,2008,49,0.3192436,0,0,3.7009254,49.658688,202.6671,602.8642,1780.9185,176.4292,3.5352123,4.7,17.01674475435245,10.557764,5.8131905,4.518845,7.2690353,0,1789705.4
526,2009,49,0.27680525,0,0,4.6372895,50.458126,225.57101,662.746,1736.3889,152.20247,4.250849,8.0,17.453598122560248,10.625174,5.862197,4.6365814,7.381039,1,1789705.4
527,2010,49,0.2789855,0,0,3.3561552,44.82091,248.24722,582.2388,1536.4154,127.80456,3.0854976,9.1,17.06745655,10.665204,5.8906846,4.676945,7.406719,1,1789705.4
528,2000,50,0.5545515,4,1,3.245184,87.12071,131.13232,483.57083,2296.6877,281.04446,3.1491725,3.4,8.26959299055613,10.952332,5.980902,4.898838,6.7609277,0,5434086.5
529,2001,50,0.53870386,2,1,3.659992,84.71357,127.87097,513.2948,2388.0496,280.6375,3.6790545,4.4,8.19062382468028,10.930335,6.0173078,5.018803,6.9910383,0,5434086.5
530,2002,50,0.54699767,2,4,2.9135742,89.166725,116.05107,528.34076,2333.9812,254.61612,2.894655,5.3,8.624293458231074,10.926532,6.037253,4.8854613,7.1425495,0,5434086.5
531,2003,50,0.5558335,6,4,3.4422987,82.70922,118.9192,499.34024,2234.2024,232.55267,3.4234884,5.6,9.081969032478934,10.912375,6.0525355,4.875361,7.1593647,0,5434086.5
532,2004,50,0.5451192,2,2,2.8781383,76.00902,115.704895,445.8124,2083.5105,212.57108,2.8594491,5.0,11.033455367643857,10.874039,6.061961,4.8147902,7.1505146,0,5434086.5
533,2005,50,0.49001098,7,4,3.8320227,84.732346,138.97594,454.78296,2056.1035,233.95801,3.8506248,4.8,10.187376610263385,10.817115,6.0455046,4.6491303,7.141551,0,5434086.5
534,2006,50,0.51518416,2,4,2.969492,100.15286,160.64052,485.84488,2081.7578,252.38882,2.969492,4.7,10.606971359339843,10.931302,6.0442605,4.600047,7.0806303,0,5434086.5
535,2007,50,0.51332116,4,10,3.3024666,98.35607,169.26936,500.41342,2116.3247,241.42108,3.3024666,4.9,10.57449817314366,10.895275,6.054777,4.5646515,7.0956383,0,5434086.5
536,2008,50,0.518497,4,7,2.6078632,92.22191,161.86615,490.40332,2079.1814,206.1105,2.6078632,5.0,10.245223100024239,10.856071,6.0345607,4.5569596,7.073497,0,5434086.5
537,2009,50,0.53079116,6,1,2.6074128,87.5805,151.47998,478.85318,1999.2606,159.51653,2.6074128,8.5,12.197209711005783,10.860594,6.0246315,5.3734074,7.247262,0,5434086.5
538,2010,50,0.52642095,0,11,2.735085,79.47627,146.38881,468.7759,1904.1132,143.60078,2.735085,8.1,11.80243864,10.830164,5.993914,4.745743,7.2924576,0,5434086.5
539,2000,51,0.41428572,0,0,2.5015688,14.592484,223.8904,433.18832,2567.8604,119.449905,2.5015688,3.8,10.497624552062856,10.823272,5.8585606,4.2651644,6.6286535,0,504780.2
540,2001,51,0.22619048,0,1,1.8737041,17.487904,213.60226,516.51776,2694.5945,144.89978,1.8737041,3.9,10.659502177660451,10.797839,5.85962,4.4659395,6.7383103,0,504780.2
541,2002,51,0.47311828,0,0,3.0938487,19.181862,228.5323,504.91614,2743.8313,153.24864,3.0938487,4.2,10.734624087056782,10.7829275,5.8812804,4.42395,6.8411293,0,504780.2
542,2003,51,0.2857143,0,2,2.872732,17.236391,221.61075,535.76447,2716.5784,163.74571,2.872732,4.5,10.932591347742134,10.828698,5.9509687,4.511264,6.987734,0,504780.2
543,2004,51,0.3880597,0,0,2.2333484,13.603122,197.54982,555.9007,2710.879,162.2223,2.2333484,3.9,10.415727645198098,10.866681,5.996459,4.5349545,7.068328,0,504780.2
544,2005,51,0.16666667,1,1,2.826992,15.750384,193.44704,489.87735,2605.8809,149.2248,2.826992,3.7,10.555786650943205,10.818638,6.0242867,4.4564137,7.1057153,0,504780.2
545,2006,51,0.25,0,0,2.5242522,13.9804735,207.37703,450.87027,2381.9233,156.30946,2.5242522,3.2,10.04419383150422,10.8370285,6.0173326,4.465702,7.099053,0,504780.2
546,2007,51,0.26190478,0,0,4.0852532,16.341013,206.79164,459.49374,2314.3933,158.54674,4.0852532,3.0,9.366707908272444,10.844607,6.0049057,4.621174,7.129609,0,504780.2
547,2008,51,0.26744187,0,0,2.295188,16.448847,197.00363,420.78445,2216.3865,138.28508,2.295188,3.2,9.460955984033143,10.896961,5.987952,4.7519617,7.147602,0,504780.2
548,2009,51,0.41025642,0,0,2.099441,14.886945,178.45248,415.3076,2158.607,144.4797,2.099441,5.9,10.30138429503635,10.884367,5.981492,4.855544,7.2202888,0,504780.2
549,2010,51,0.32894737,0,0,1.4368151,13.649744,153.73923,385.96448,1999.6875,106.14472,1.4368151,6.9,10.08913642,10.865879,5.9383783,4.8840003,7.184053,0,504780.2
